ID,Timestamp,From MAC,To MAC,A,B,C,D,E,F
5572,2025-12-02 12:01:49,AA:BB:CC:DD:EE:FF,11:22:33:44:55:66,1481,1487,1706,5,0,OK
5571,2025-12-02 12:01:49,AA:BB:CC:DD:EE:FF,11:22:33:44:55:66,1423,1538,1826,5,0,OK
5570,2025-12-02 12:01:49,AA:BB:CC:DD:EE:FF,11:22:33:44:55:66,1335,1402,1683,5,0,OK
5569,2025-12-02 12:01:48,AA:BB:CC:DD:EE:FF,11:22:33:44:55:66,1432,1865,1590,5,0,OK
5568,2025-12-02 12:01:48,AA:BB:CC:DD:EE:FF,11:22:33:44:55:66,1061,1575,1444,5,0,OK
5567,2025-12-02 12:01:48,AA:BB:CC:DD:EE:FF,11:22:33:44:55:66,1153,1458,1693,5,0,OK
5566,2025-12-02 12:01:48,AA:BB:CC:DD:EE:FF,11:22:33:44:55:66,1205,1587,1546,5,0,OK
5565,2025-12-02 12:01:48,AA:BB:CC:DD:EE:FF,11:22:33:44:55:66,1206,1589,1543,5,0,OK
5564,2025-12-02 12:01:48,AA:BB:CC:DD:EE:FF,11:22:33:44:55:66,1208,1589,1545,5,0,OK
5563,2025-12-02 12:01:48,AA:BB:CC:DD:EE:FF,11:22:33:44:55:66,1202,1596,1545,5,0,OK
5562,2025-12-02 12:01:48,AA:BB:CC:DD:EE:FF,11:22:33:44:55:66,1210,1591,1546,5,0,OK
5561,2025-12-02 12:01:48,AA:BB:CC:DD:EE:FF,11:22:33:44:55:66,1202,1603,1545,5,0,OK
5560,2025-12-02 12:01:47,AA:BB:CC:DD:EE:FF,11:22:33:44:55:66,1204,1592,1545,5,0,OK
5559,2025-12-02 12:01:47,AA:BB:CC:DD:EE:FF,11:22:33:44:55:66,1209,1590,1553,5,0,OK
5558,2025-12-02 12:01:47,AA:BB:CC:DD:EE:FF,11:22:33:44:55:66,1211,1592,1542,5,0,OK
5557,2025-12-02 12:01:47,AA:BB:CC:DD:EE:FF,11:22:33:44:55:66,1204,1588,1544,5,0,OK
5556,2025-12-02 12:01:47,AA:BB:CC:DD:EE:FF,11:22:33:44:55:66,1207,1592,1545,5,0,OK
5555,2025-12-02 12:01:47,AA:BB:CC:DD:EE:FF,11:22:33:44:55:66,1204,1591,1546,5,0,OK
5554,2025-12-02 12:01:47,AA:BB:CC:DD:EE:FF,11:22:33:44:55:66,1207,1593,1545,5,0,OK
5553,2025-12-02 12:01:47,AA:BB:CC:DD:EE:FF,11:22:33:44:55:66,1204,1596,1542,5,0,OK
5552,2025-12-02 12:01:47,AA:BB:CC:DD:EE:FF,11:22:33:44:55:66,1206,1589,1542,5,0,OK
5551,2025-12-02 12:01:47,AA:BB:CC:DD:EE:FF,11:22:33:44:55:66,1208,1593,1543,5,0,OK
5550,2025-12-02 12:01:46,AA:BB:CC:DD:EE:FF,11:22:33:44:55:66,1208,1595,1548,5,0,OK
5549,2025-12-02 12:01:46,AA:BB:CC:DD:EE:FF,11:22:33:44:55:66,1201,1596,1542,5,0,OK
5548,2025-12-02 12:01:46,AA:BB:CC:DD:EE:FF,11:22:33:44:55:66,1207,1596,1545,5,0,OK
5547,2025-12-02 12:01:46,AA:BB:CC:DD:EE:FF,11:22:33:44:55:66,1210,1592,1542,5,0,OK
5546,2025-12-02 12:01:46,AA:BB:CC:DD:EE:FF,11:22:33:44:55:66,1204,1589,1549,5,0,OK
5545,2025-12-02 12:01:46,AA:BB:CC:DD:EE:FF,11:22:33:44:55:66,1201,1591,1555,5,0,OK
5544,2025-12-02 12:01:46,AA:BB:CC:DD:EE:FF,11:22:33:44:55:66,1199,1592,1548,5,0,OK
5543,2025-12-02 12:01:46,AA:BB:CC:DD:EE:FF,11:22:33:44:55:66,1207,1597,1540,5,0,OK
5542,2025-12-02 12:01:46,AA:BB:CC:DD:EE:FF,11:22:33:44:55:66,1205,1594,1544,5,0,OK
5541,2025-12-02 12:01:45,AA:BB:CC:DD:EE:FF,11:22:33:44:55:66,1208,1592,1542,5,0,OK
5540,2025-12-02 12:01:45,AA:BB:CC:DD:EE:FF,11:22:33:44:55:66,1204,1598,1542,5,0,OK
5539,2025-12-02 12:01:45,AA:BB:CC:DD:EE:FF,11:22:33:44:55:66,1209,1596,1547,5,0,OK
5538,2025-12-02 12:01:45,AA:BB:CC:DD:EE:FF,11:22:33:44:55:66,1204,1596,1543,5,0,OK
5537,2025-12-02 12:01:45,AA:BB:CC:DD:EE:FF,11:22:33:44:55:66,1204,1589,1546,5,0,OK
5536,2025-12-02 12:01:45,AA:BB:CC:DD:EE:FF,11:22:33:44:55:66,1206,1593,1547,5,0,OK
5535,2025-12-02 12:01:45,AA:BB:CC:DD:EE:FF,11:22:33:44:55:66,1201,1592,1548,5,0,OK
5534,2025-12-02 12:01:45,AA:BB:CC:DD:EE:FF,11:22:33:44:55:66,1204,1589,1547,5,0,OK
5533,2025-12-02 12:01:45,AA:BB:CC:DD:EE:FF,11:22:33:44:55:66,1209,1592,1545,5,0,OK
5532,2025-12-02 12:01:45,AA:BB:CC:DD:EE:FF,11:22:33:44:55:66,1207,1595,1547,5,0,OK
5531,2025-12-02 12:01:44,AA:BB:CC:DD:EE:FF,11:22:33:44:55:66,1203,1588,1540,5,0,OK
5530,2025-12-02 12:01:44,AA:BB:CC:DD:EE:FF,11:22:33:44:55:66,1209,1596,1545,5,0,OK
5529,2025-12-02 12:01:44,AA:BB:CC:DD:EE:FF,11:22:33:44:55:66,1205,1589,1542,5,0,OK
5528,2025-12-02 12:01:44,AA:BB:CC:DD:EE:FF,11:22:33:44:55:66,1209,1590,1546,5,0,OK
5527,2025-12-02 12:01:44,AA:BB:CC:DD:EE:FF,11:22:33:44:55:66,1211,1592,1545,5,0,OK
5526,2025-12-02 12:01:44,AA:BB:CC:DD:EE:FF,11:22:33:44:55:66,1205,1596,1545,5,0,OK
5525,2025-12-02 12:01:44,AA:BB:CC:DD:EE:FF,11:22:33:44:55:66,1202,1593,1545,5,0,OK
5524,2025-12-02 12:01:44,AA:BB:CC:DD:EE:FF,11:22:33:44:55:66,1204,1590,1538,5,0,OK
5523,2025-12-02 12:01:44,AA:BB:CC:DD:EE:FF,11:22:33:44:55:66,1209,1596,1553,5,0,OK
5522,2025-12-02 12:01:43,AA:BB:CC:DD:EE:FF,11:22:33:44:55:66,1209,1591,1548,5,0,OK
5521,2025-12-02 12:01:43,AA:BB:CC:DD:EE:FF,11:22:33:44:55:66,1204,1596,1544,5,0,OK
5520,2025-12-02 12:01:43,AA:BB:CC:DD:EE:FF,11:22:33:44:55:66,1211,1596,1548,5,0,OK
5519,2025-12-02 12:01:43,AA:BB:CC:DD:EE:FF,11:22:33:44:55:66,1208,1589,1543,5,0,OK
5518,2025-12-02 12:01:43,AA:BB:CC:DD:EE:FF,11:22:33:44:55:66,1208,1589,1543,5,0,OK
5517,2025-12-02 12:01:43,AA:BB:CC:DD:EE:FF,11:22:33:44:55:66,1201,1595,1550,5,0,OK
5516,2025-12-02 12:01:43,AA:BB:CC:DD:EE:FF,11:22:33:44:55:66,1202,1591,1546,5,0,OK
5515,2025-12-02 12:01:43,AA:BB:CC:DD:EE:FF,11:22:33:44:55:66,1209,1591,1544,5,0,OK
5514,2025-12-02 12:01:43,AA:BB:CC:DD:EE:FF,11:22:33:44:55:66,1204,1589,1547,5,0,OK
5513,2025-12-02 12:01:43,AA:BB:CC:DD:EE:FF,11:22:33:44:55:66,1199,1590,1542,5,0,OK
5512,2025-12-02 12:01:42,AA:BB:CC:DD:EE:FF,11:22:33:44:55:66,1205,1591,1545,5,0,OK
5511,2025-12-02 12:01:42,AA:BB:CC:DD:EE:FF,11:22:33:44:55:66,1208,1593,1542,5,0,OK
5510,2025-12-02 12:01:42,AA:BB:CC:DD:EE:FF,11:22:33:44:55:66,1206,1588,1544,5,0,OK
5509,2025-12-02 12:01:42,AA:BB:CC:DD:EE:FF,11:22:33:44:55:66,1208,1592,1550,5,0,OK
5508,2025-12-02 12:01:42,AA:BB:CC:DD:EE:FF,11:22:33:44:55:66,1209,1589,1544,5,0,OK
5507,2025-12-02 12:01:42,AA:BB:CC:DD:EE:FF,11:22:33:44:55:66,1201,1588,1550,5,0,OK
5506,2025-12-02 12:01:42,AA:BB:CC:DD:EE:FF,11:22:33:44:55:66,1201,1595,1544,5,0,OK
5505,2025-12-02 12:01:42,AA:BB:CC:DD:EE:FF,11:22:33:44:55:66,1204,1592,1547,5,0,OK
5504,2025-12-02 12:01:42,AA:BB:CC:DD:EE:FF,11:22:33:44:55:66,1205,1587,1541,5,0,OK
5503,2025-12-02 12:01:41,AA:BB:CC:DD:EE:FF,11:22:33:44:55:66,1203,1590,1538,5,0,OK
5502,2025-12-02 12:01:41,AA:BB:CC:DD:EE:FF,11:22:33:44:55:66,1204,1596,1546,5,0,OK
5501,2025-12-02 12:01:41,AA:BB:CC:DD:EE:FF,11:22:33:44:55:66,1206,1590,1543,5,0,OK
5500,2025-12-02 12:01:41,AA:BB:CC:DD:EE:FF,11:22:33:44:55:66,1207,1595,1541,5,0,OK
5499,2025-12-02 12:01:41,AA:BB:CC:DD:EE:FF,11:22:33:44:55:66,1204,1592,1542,5,0,OK
5498,2025-12-02 12:01:41,AA:BB:CC:DD:EE:FF,11:22:33:44:55:66,1207,1595,1543,5,0,OK
5497,2025-12-02 12:01:41,AA:BB:CC:DD:EE:FF,11:22:33:44:55:66,1209,1594,1549,5,0,OK
5496,2025-12-02 12:01:41,AA:BB:CC:DD:EE:FF,11:22:33:44:55:66,1207,1588,1545,5,0,OK
5495,2025-12-02 12:01:41,AA:BB:CC:DD:EE:FF,11:22:33:44:55:66,1205,1589,1545,5,0,OK
5494,2025-12-02 12:01:41,AA:BB:CC:DD:EE:FF,11:22:33:44:55:66,1203,1594,1545,5,0,OK
5493,2025-12-02 12:01:40,AA:BB:CC:DD:EE:FF,11:22:33:44:55:66,1208,1595,1546,5,0,OK
5492,2025-12-02 12:01:40,AA:BB:CC:DD:EE:FF,11:22:33:44:55:66,1211,1591,1542,5,0,OK
5491,2025-12-02 12:01:40,AA:BB:CC:DD:EE:FF,11:22:33:44:55:66,1203,1595,1548,5,0,OK
5490,2025-12-02 12:01:40,AA:BB:CC:DD:EE:FF,11:22:33:44:55:66,1210,1590,1545,5,0,OK
5489,2025-12-02 12:01:40,AA:BB:CC:DD:EE:FF,11:22:33:44:55:66,1210,1594,1547,5,0,OK
5488,2025-12-02 12:01:40,AA:BB:CC:DD:EE:FF,11:22:33:44:55:66,1204,1593,1548,5,0,OK
5487,2025-12-02 12:01:40,AA:BB:CC:DD:EE:FF,11:22:33:44:55:66,1205,1593,1539,5,0,OK
5486,2025-12-02 12:01:40,AA:BB:CC:DD:EE:FF,11:22:33:44:55:66,1201,1588,1545,5,0,OK
5485,2025-12-02 12:01:40,AA:BB:CC:DD:EE:FF,11:22:33:44:55:66,1206,1590,1542,5,0,OK
5484,2025-12-02 12:01:39,AA:BB:CC:DD:EE:FF,11:22:33:44:55:66,1206,1596,1540,5,0,OK
5483,2025-12-02 12:01:39,AA:BB:CC:DD:EE:FF,11:22:33:44:55:66,1204,1592,1545,5,0,OK
5482,2025-12-02 12:01:39,AA:BB:CC:DD:EE:FF,11:22:33:44:55:66,1209,1596,1544,5,0,OK
5481,2025-12-02 12:01:39,AA:BB:CC:DD:EE:FF,11:22:33:44:55:66,1200,1589,1545,5,0,OK
5480,2025-12-02 12:01:39,AA:BB:CC:DD:EE:FF,11:22:33:44:55:66,1207,1591,1549,5,0,OK
5479,2025-12-02 12:01:39,AA:BB:CC:DD:EE:FF,11:22:33:44:55:66,1201,1596,1548,5,0,OK
5478,2025-12-02 12:01:39,AA:BB:CC:DD:EE:FF,11:22:33:44:55:66,1211,1596,1548,5,0,OK
5477,2025-12-02 12:01:39,AA:BB:CC:DD:EE:FF,11:22:33:44:55:66,1204,1592,1544,5,0,OK
5476,2025-12-02 12:01:39,AA:BB:CC:DD:EE:FF,11:22:33:44:55:66,1197,1596,1546,5,0,OK
5475,2025-12-02 12:01:38,AA:BB:CC:DD:EE:FF,11:22:33:44:55:66,1205,1598,1545,5,0,OK
5474,2025-12-02 12:01:38,AA:BB:CC:DD:EE:FF,11:22:33:44:55:66,1204,1592,1545,5,0,OK
5473,2025-12-02 12:01:38,AA:BB:CC:DD:EE:FF,11:22:33:44:55:66,1205,1592,1546,5,0,OK
5472,2025-12-02 12:01:38,AA:BB:CC:DD:EE:FF,11:22:33:44:55:66,1204,1596,1545,5,0,OK
5471,2025-12-02 12:01:38,AA:BB:CC:DD:EE:FF,11:22:33:44:55:66,1209,1594,1547,5,0,OK
5470,2025-12-02 12:01:38,AA:BB:CC:DD:EE:FF,11:22:33:44:55:66,1205,1593,1545,5,0,OK
5469,2025-12-02 12:01:38,AA:BB:CC:DD:EE:FF,11:22:33:44:55:66,1205,1591,1542,5,0,OK
5468,2025-12-02 12:01:38,AA:BB:CC:DD:EE:FF,11:22:33:44:55:66,1208,1594,1545,5,0,OK
5467,2025-12-02 12:01:38,AA:BB:CC:DD:EE:FF,11:22:33:44:55:66,1204,1589,1544,5,0,OK
5466,2025-12-02 12:01:38,AA:BB:CC:DD:EE:FF,11:22:33:44:55:66,1209,1592,1542,5,0,OK
5465,2025-12-02 12:01:37,AA:BB:CC:DD:EE:FF,11:22:33:44:55:66,1205,1597,1540,5,0,OK
5464,2025-12-02 12:01:37,AA:BB:CC:DD:EE:FF,11:22:33:44:55:66,1200,1594,1545,5,0,OK
5463,2025-12-02 12:01:37,AA:BB:CC:DD:EE:FF,11:22:33:44:55:66,1209,1592,1545,5,0,OK
5462,2025-12-02 12:01:37,AA:BB:CC:DD:EE:FF,11:22:33:44:55:66,1208,1593,1547,5,0,OK
5461,2025-12-02 12:01:37,AA:BB:CC:DD:EE:FF,11:22:33:44:55:66,1209,1591,1542,5,0,OK
5460,2025-12-02 12:01:37,AA:BB:CC:DD:EE:FF,11:22:33:44:55:66,1205,1594,1549,5,0,OK
5459,2025-12-02 12:01:37,AA:BB:CC:DD:EE:FF,11:22:33:44:55:66,1202,1596,1544,5,0,OK
5458,2025-12-02 12:01:37,AA:BB:CC:DD:EE:FF,11:22:33:44:55:66,1209,1592,1545,5,0,OK
5457,2025-12-02 12:01:37,AA:BB:CC:DD:EE:FF,11:22:33:44:55:66,1210,1591,1544,5,0,OK
5456,2025-12-02 12:01:36,AA:BB:CC:DD:EE:FF,11:22:33:44:55:66,1206,1595,1548,5,0,OK
5455,2025-12-02 12:01:36,AA:BB:CC:DD:EE:FF,11:22:33:44:55:66,1209,1593,1545,5,0,OK
5454,2025-12-02 12:01:36,AA:BB:CC:DD:EE:FF,11:22:33:44:55:66,1204,1595,1544,5,0,OK
5453,2025-12-02 12:01:36,AA:BB:CC:DD:EE:FF,11:22:33:44:55:66,1212,1597,1547,5,0,OK
5452,2025-12-02 12:01:36,AA:BB:CC:DD:EE:FF,11:22:33:44:55:66,1209,1595,1546,5,0,OK
5451,2025-12-02 12:01:36,AA:BB:CC:DD:EE:FF,11:22:33:44:55:66,1207,1597,1546,5,0,OK
5450,2025-12-02 12:01:36,AA:BB:CC:DD:EE:FF,11:22:33:44:55:66,1204,1592,1545,5,0,OK
5449,2025-12-02 12:01:36,AA:BB:CC:DD:EE:FF,11:22:33:44:55:66,1210,1593,1537,5,0,OK
5448,2025-12-02 12:01:36,AA:BB:CC:DD:EE:FF,11:22:33:44:55:66,1206,1589,1546,5,0,OK
5447,2025-12-02 12:01:36,AA:BB:CC:DD:EE:FF,11:22:33:44:55:66,1204,1591,1553,5,0,OK
5446,2025-12-02 12:01:35,AA:BB:CC:DD:EE:FF,11:22:33:44:55:66,1210,1594,1544,5,0,OK
5445,2025-12-02 12:01:35,AA:BB:CC:DD:EE:FF,11:22:33:44:55:66,1213,1594,1550,5,0,OK
5444,2025-12-02 12:01:35,AA:BB:CC:DD:EE:FF,11:22:33:44:55:66,1205,1590,1543,5,0,OK
5443,2025-12-02 12:01:35,AA:BB:CC:DD:EE:FF,11:22:33:44:55:66,1206,1596,1546,5,0,OK
5442,2025-12-02 12:01:35,AA:BB:CC:DD:EE:FF,11:22:33:44:55:66,1208,1599,1542,5,0,OK
5441,2025-12-02 12:01:35,AA:BB:CC:DD:EE:FF,11:22:33:44:55:66,1201,1591,1547,5,0,OK
5440,2025-12-02 12:01:35,AA:BB:CC:DD:EE:FF,11:22:33:44:55:66,1202,1597,1546,5,0,OK
5439,2025-12-02 12:01:35,AA:BB:CC:DD:EE:FF,11:22:33:44:55:66,1205,1588,1546,5,0,OK
5438,2025-12-02 12:01:35,AA:BB:CC:DD:EE:FF,11:22:33:44:55:66,1210,1588,1546,5,0,OK
5437,2025-12-02 12:01:35,AA:BB:CC:DD:EE:FF,11:22:33:44:55:66,1209,1597,1548,5,0,OK
5436,2025-12-02 12:01:34,AA:BB:CC:DD:EE:FF,11:22:33:44:55:66,1202,1596,1543,5,0,OK
5435,2025-12-02 12:01:34,AA:BB:CC:DD:EE:FF,11:22:33:44:55:66,1207,1596,1548,5,0,OK
5434,2025-12-02 12:01:34,AA:BB:CC:DD:EE:FF,11:22:33:44:55:66,1201,1591,1545,5,0,OK
5433,2025-12-02 12:01:34,AA:BB:CC:DD:EE:FF,11:22:33:44:55:66,1208,1598,1550,5,0,OK
5432,2025-12-02 12:01:34,AA:BB:CC:DD:EE:FF,11:22:33:44:55:66,1204,1597,1540,5,0,OK
5431,2025-12-02 12:01:34,AA:BB:CC:DD:EE:FF,11:22:33:44:55:66,1210,1598,1545,5,0,OK
5430,2025-12-02 12:01:34,AA:BB:CC:DD:EE:FF,11:22:33:44:55:66,1209,1599,1538,5,0,OK
5429,2025-12-02 12:01:34,AA:BB:CC:DD:EE:FF,11:22:33:44:55:66,1205,1596,1545,5,0,OK
5428,2025-12-02 12:01:34,AA:BB:CC:DD:EE:FF,11:22:33:44:55:66,1206,1593,1546,5,0,OK
5427,2025-12-02 12:01:33,AA:BB:CC:DD:EE:FF,11:22:33:44:55:66,1207,1594,1548,5,0,OK
5426,2025-12-02 12:01:33,AA:BB:CC:DD:EE:FF,11:22:33:44:55:66,1212,1595,1547,5,0,OK
5425,2025-12-02 12:01:33,AA:BB:CC:DD:EE:FF,11:22:33:44:55:66,1209,1597,1545,5,0,OK
5424,2025-12-02 12:01:33,AA:BB:CC:DD:EE:FF,11:22:33:44:55:66,1207,1595,1550,5,0,OK
5423,2025-12-02 12:01:33,AA:BB:CC:DD:EE:FF,11:22:33:44:55:66,1210,1595,1545,5,0,OK
5422,2025-12-02 12:01:33,AA:BB:CC:DD:EE:FF,11:22:33:44:55:66,1207,1595,1547,5,0,OK
5421,2025-12-02 12:01:33,AA:BB:CC:DD:EE:FF,11:22:33:44:55:66,1203,1598,1548,5,0,OK
5420,2025-12-02 12:01:33,AA:BB:CC:DD:EE:FF,11:22:33:44:55:66,1204,1596,1544,5,0,OK
5419,2025-12-02 12:01:33,AA:BB:CC:DD:EE:FF,11:22:33:44:55:66,1209,1594,1547,5,0,OK
5418,2025-12-02 12:01:33,AA:BB:CC:DD:EE:FF,11:22:33:44:55:66,1201,1590,1552,5,0,OK
5417,2025-12-02 12:01:32,AA:BB:CC:DD:EE:FF,11:22:33:44:55:66,1203,1595,1549,5,0,OK
5416,2025-12-02 12:01:32,AA:BB:CC:DD:EE:FF,11:22:33:44:55:66,1201,1598,1546,5,0,OK
5415,2025-12-02 12:01:32,AA:BB:CC:DD:EE:FF,11:22:33:44:55:66,1205,1591,1543,5,0,OK
5414,2025-12-02 12:01:32,AA:BB:CC:DD:EE:FF,11:22:33:44:55:66,1208,1591,1538,5,0,OK
5413,2025-12-02 12:01:32,AA:BB:CC:DD:EE:FF,11:22:33:44:55:66,1210,1595,1545,5,0,OK
5412,2025-12-02 12:01:32,AA:BB:CC:DD:EE:FF,11:22:33:44:55:66,1203,1595,1550,5,0,OK
5411,2025-12-02 12:01:32,AA:BB:CC:DD:EE:FF,11:22:33:44:55:66,1204,1596,1549,5,0,OK
5410,2025-12-02 12:01:32,AA:BB:CC:DD:EE:FF,11:22:33:44:55:66,1204,1596,1548,5,0,OK
5409,2025-12-02 12:01:32,AA:BB:CC:DD:EE:FF,11:22:33:44:55:66,1209,1592,1549,5,0,OK
5408,2025-12-02 12:01:31,AA:BB:CC:DD:EE:FF,11:22:33:44:55:66,1208,1595,1547,5,0,OK
5407,2025-12-02 12:01:31,AA:BB:CC:DD:EE:FF,11:22:33:44:55:66,1209,1595,1542,5,0,OK
5406,2025-12-02 12:01:31,AA:BB:CC:DD:EE:FF,11:22:33:44:55:66,1209,1595,1549,5,0,OK
5405,2025-12-02 12:01:31,AA:BB:CC:DD:EE:FF,11:22:33:44:55:66,1208,1596,1544,5,0,OK
5404,2025-12-02 12:01:31,AA:BB:CC:DD:EE:FF,11:22:33:44:55:66,1211,1592,1550,5,0,OK
5403,2025-12-02 12:01:31,AA:BB:CC:DD:EE:FF,11:22:33:44:55:66,1207,1595,1541,5,0,OK
5402,2025-12-02 12:01:31,AA:BB:CC:DD:EE:FF,11:22:33:44:55:66,1204,1596,1545,5,0,OK
5401,2025-12-02 12:01:31,AA:BB:CC:DD:EE:FF,11:22:33:44:55:66,1205,1594,1549,5,0,OK
5400,2025-12-02 12:01:31,AA:BB:CC:DD:EE:FF,11:22:33:44:55:66,1210,1592,1549,5,0,OK
5399,2025-12-02 12:01:31,AA:BB:CC:DD:EE:FF,11:22:33:44:55:66,1207,1595,1550,5,0,OK
5398,2025-12-02 12:01:30,AA:BB:CC:DD:EE:FF,11:22:33:44:55:66,1201,1596,1545,5,0,OK
5397,2025-12-02 12:01:30,AA:BB:CC:DD:EE:FF,11:22:33:44:55:66,1209,1591,1546,5,0,OK
5396,2025-12-02 12:01:30,AA:BB:CC:DD:EE:FF,11:22:33:44:55:66,1209,1595,1549,5,0,OK
5395,2025-12-02 12:01:30,AA:BB:CC:DD:EE:FF,11:22:33:44:55:66,1206,1603,1544,5,0,OK
5394,2025-12-02 12:01:30,AA:BB:CC:DD:EE:FF,11:22:33:44:55:66,1212,1595,1542,5,0,OK
5393,2025-12-02 12:01:30,AA:BB:CC:DD:EE:FF,11:22:33:44:55:66,1205,1588,1547,5,0,OK
5392,2025-12-02 12:01:30,AA:BB:CC:DD:EE:FF,11:22:33:44:55:66,1207,1595,1547,5,0,OK
5391,2025-12-02 12:01:30,AA:BB:CC:DD:EE:FF,11:22:33:44:55:66,1208,1591,1545,5,0,OK
5390,2025-12-02 12:01:30,AA:BB:CC:DD:EE:FF,11:22:33:44:55:66,1207,1594,1548,5,0,OK
5389,2025-12-02 12:01:29,AA:BB:CC:DD:EE:FF,11:22:33:44:55:66,1210,1591,1545,5,0,OK
5388,2025-12-02 12:01:29,AA:BB:CC:DD:EE:FF,11:22:33:44:55:66,1208,1589,1550,5,0,OK
5387,2025-12-02 12:01:29,AA:BB:CC:DD:EE:FF,11:22:33:44:55:66,1205,1597,1545,5,0,OK
5386,2025-12-02 12:01:29,AA:BB:CC:DD:EE:FF,11:22:33:44:55:66,1207,1598,1551,5,0,OK
5385,2025-12-02 12:01:29,AA:BB:CC:DD:EE:FF,11:22:33:44:55:66,1204,1595,1548,5,0,OK
5384,2025-12-02 12:01:29,AA:BB:CC:DD:EE:FF,11:22:33:44:55:66,1211,1593,1547,5,0,OK
5383,2025-12-02 12:01:29,AA:BB:CC:DD:EE:FF,11:22:33:44:55:66,1209,1593,1541,5,0,OK
5382,2025-12-02 12:01:29,AA:BB:CC:DD:EE:FF,11:22:33:44:55:66,1206,1596,1549,5,0,OK
5381,2025-12-02 12:01:29,AA:BB:CC:DD:EE:FF,11:22:33:44:55:66,1205,1588,1543,5,0,OK
5380,2025-12-02 12:01:29,AA:BB:CC:DD:EE:FF,11:22:33:44:55:66,1207,1588,1545,5,0,OK
5379,2025-12-02 12:01:28,AA:BB:CC:DD:EE:FF,11:22:33:44:55:66,1209,1598,1549,5,0,OK
5378,2025-12-02 12:01:28,AA:BB:CC:DD:EE:FF,11:22:33:44:55:66,1204,1593,1545,5,0,OK
5377,2025-12-02 12:01:28,AA:BB:CC:DD:EE:FF,11:22:33:44:55:66,1209,1599,1545,5,0,OK
5376,2025-12-02 12:01:28,AA:BB:CC:DD:EE:FF,11:22:33:44:55:66,1209,1594,1544,5,0,OK
5375,2025-12-02 12:01:28,AA:BB:CC:DD:EE:FF,11:22:33:44:55:66,1206,1593,1547,5,0,OK
5374,2025-12-02 12:01:28,AA:BB:CC:DD:EE:FF,11:22:33:44:55:66,1207,1593,1550,5,0,OK
5373,2025-12-02 12:01:28,AA:BB:CC:DD:EE:FF,11:22:33:44:55:66,1208,1596,1546,5,0,OK
5372,2025-12-02 12:01:28,AA:BB:CC:DD:EE:FF,11:22:33:44:55:66,1211,1597,1545,5,0,OK
5371,2025-12-02 12:01:28,AA:BB:CC:DD:EE:FF,11:22:33:44:55:66,1206,1596,1543,5,0,OK
5370,2025-12-02 12:01:27,AA:BB:CC:DD:EE:FF,11:22:33:44:55:66,1211,1596,1550,5,0,OK
5369,2025-12-02 12:01:27,AA:BB:CC:DD:EE:FF,11:22:33:44:55:66,1211,1603,1548,5,0,OK
5368,2025-12-02 12:01:27,AA:BB:CC:DD:EE:FF,11:22:33:44:55:66,1211,1595,1548,5,0,OK
5367,2025-12-02 12:01:27,AA:BB:CC:DD:EE:FF,11:22:33:44:55:66,1209,1597,1540,5,0,OK
5366,2025-12-02 12:01:27,AA:BB:CC:DD:EE:FF,11:22:33:44:55:66,1207,1599,1550,5,0,OK
5365,2025-12-02 12:01:27,AA:BB:CC:DD:EE:FF,11:22:33:44:55:66,1205,1596,1554,5,0,OK
5364,2025-12-02 12:01:27,AA:BB:CC:DD:EE:FF,11:22:33:44:55:66,1210,1596,1548,5,0,OK
5363,2025-12-02 12:01:27,AA:BB:CC:DD:EE:FF,11:22:33:44:55:66,1207,1595,1546,5,0,OK
5362,2025-12-02 12:01:27,AA:BB:CC:DD:EE:FF,11:22:33:44:55:66,1209,1595,1550,5,0,OK
5361,2025-12-02 12:01:27,AA:BB:CC:DD:EE:FF,11:22:33:44:55:66,1207,1597,1545,5,0,OK
5360,2025-12-02 12:01:26,AA:BB:CC:DD:EE:FF,11:22:33:44:55:66,1209,1594,1545,5,0,OK
5359,2025-12-02 12:01:26,AA:BB:CC:DD:EE:FF,11:22:33:44:55:66,1209,1596,1545,5,0,OK
5358,2025-12-02 12:01:26,AA:BB:CC:DD:EE:FF,11:22:33:44:55:66,1211,1597,1545,5,0,OK
5357,2025-12-02 12:01:26,AA:BB:CC:DD:EE:FF,11:22:33:44:55:66,1204,1594,1547,5,0,OK
5356,2025-12-02 12:01:26,AA:BB:CC:DD:EE:FF,11:22:33:44:55:66,1212,1596,1550,5,0,OK
5355,2025-12-02 12:01:26,AA:BB:CC:DD:EE:FF,11:22:33:44:55:66,1210,1604,1549,5,0,OK
5354,2025-12-02 12:01:26,AA:BB:CC:DD:EE:FF,11:22:33:44:55:66,1209,1597,1550,5,0,OK
5353,2025-12-02 12:01:26,AA:BB:CC:DD:EE:FF,11:22:33:44:55:66,1208,1597,1548,5,0,OK
5352,2025-12-02 12:01:26,AA:BB:CC:DD:EE:FF,11:22:33:44:55:66,1208,1599,1541,5,0,OK
5351,2025-12-02 12:01:25,AA:BB:CC:DD:EE:FF,11:22:33:44:55:66,1209,1603,1545,5,0,OK
5350,2025-12-02 12:01:25,AA:BB:CC:DD:EE:FF,11:22:33:44:55:66,1206,1596,1550,5,0,OK
5349,2025-12-02 12:01:25,AA:BB:CC:DD:EE:FF,11:22:33:44:55:66,1209,1596,1545,5,0,OK
5348,2025-12-02 12:01:25,AA:BB:CC:DD:EE:FF,11:22:33:44:55:66,1205,1601,1550,5,0,OK
5347,2025-12-02 12:01:25,AA:BB:CC:DD:EE:FF,11:22:33:44:55:66,1213,1596,1548,5,0,OK
5346,2025-12-02 12:01:25,AA:BB:CC:DD:EE:FF,11:22:33:44:55:66,1210,1597,1542,5,0,OK
5345,2025-12-02 12:01:25,AA:BB:CC:DD:EE:FF,11:22:33:44:55:66,1204,1594,1547,5,0,OK
5344,2025-12-02 12:01:25,AA:BB:CC:DD:EE:FF,11:22:33:44:55:66,1204,1597,1545,5,0,OK
5343,2025-12-02 12:01:25,AA:BB:CC:DD:EE:FF,11:22:33:44:55:66,1204,1596,1547,5,0,OK
5342,2025-12-02 12:01:25,AA:BB:CC:DD:EE:FF,11:22:33:44:55:66,1210,1596,1548,5,0,OK
5341,2025-12-02 12:01:24,AA:BB:CC:DD:EE:FF,11:22:33:44:55:66,1204,1597,1548,5,0,OK
5340,2025-12-02 12:01:24,AA:BB:CC:DD:EE:FF,11:22:33:44:55:66,1206,1595,1545,5,0,OK
5339,2025-12-02 12:01:24,AA:BB:CC:DD:EE:FF,11:22:33:44:55:66,1209,1596,1545,5,0,OK
5338,2025-12-02 12:01:24,AA:BB:CC:DD:EE:FF,11:22:33:44:55:66,1208,1598,1555,5,0,OK
5337,2025-12-02 12:01:24,AA:BB:CC:DD:EE:FF,11:22:33:44:55:66,1212,1596,1548,5,0,OK
5336,2025-12-02 12:01:24,AA:BB:CC:DD:EE:FF,11:22:33:44:55:66,1209,1596,1552,5,0,OK
5335,2025-12-02 12:01:24,AA:BB:CC:DD:EE:FF,11:22:33:44:55:66,1208,1598,1547,5,0,OK
5334,2025-12-02 12:01:24,AA:BB:CC:DD:EE:FF,11:22:33:44:55:66,1206,1603,1551,5,0,OK
5333,2025-12-02 12:01:24,AA:BB:CC:DD:EE:FF,11:22:33:44:55:66,1206,1596,1547,5,0,OK
5332,2025-12-02 12:01:23,AA:BB:CC:DD:EE:FF,11:22:33:44:55:66,1209,1598,1547,5,0,OK
5331,2025-12-02 12:01:23,AA:BB:CC:DD:EE:FF,11:22:33:44:55:66,1207,1597,1553,5,0,OK
5330,2025-12-02 12:01:23,AA:BB:CC:DD:EE:FF,11:22:33:44:55:66,1209,1598,1553,5,0,OK
5329,2025-12-02 12:01:23,AA:BB:CC:DD:EE:FF,11:22:33:44:55:66,1209,1603,1545,5,0,OK
5328,2025-12-02 12:01:23,AA:BB:CC:DD:EE:FF,11:22:33:44:55:66,1204,1602,1552,5,0,OK
5327,2025-12-02 12:01:23,AA:BB:CC:DD:EE:FF,11:22:33:44:55:66,1208,1591,1549,5,0,OK
5326,2025-12-02 12:01:23,AA:BB:CC:DD:EE:FF,11:22:33:44:55:66,1209,1596,1548,5,0,OK
5325,2025-12-02 12:01:23,AA:BB:CC:DD:EE:FF,11:22:33:44:55:66,1203,1599,1550,5,0,OK
5324,2025-12-02 12:01:23,AA:BB:CC:DD:EE:FF,11:22:33:44:55:66,1208,1601,1555,5,0,OK
5323,2025-12-02 12:01:23,AA:BB:CC:DD:EE:FF,11:22:33:44:55:66,1211,1596,1548,5,0,OK
5322,2025-12-02 12:01:22,AA:BB:CC:DD:EE:FF,11:22:33:44:55:66,1210,1595,1549,5,0,OK
5321,2025-12-02 12:01:22,AA:BB:CC:DD:EE:FF,11:22:33:44:55:66,1204,1603,1545,5,0,OK
5320,2025-12-02 12:01:22,AA:BB:CC:DD:EE:FF,11:22:33:44:55:66,1208,1597,1545,5,0,OK
5319,2025-12-02 12:01:22,AA:BB:CC:DD:EE:FF,11:22:33:44:55:66,1213,1595,1549,5,0,OK
5318,2025-12-02 12:01:22,AA:BB:CC:DD:EE:FF,11:22:33:44:55:66,1205,1599,1545,5,0,OK
5317,2025-12-02 12:01:22,AA:BB:CC:DD:EE:FF,11:22:33:44:55:66,1208,1597,1555,5,0,OK
5316,2025-12-02 12:01:22,AA:BB:CC:DD:EE:FF,11:22:33:44:55:66,1209,1599,1549,5,0,OK
5315,2025-12-02 12:01:22,AA:BB:CC:DD:EE:FF,11:22:33:44:55:66,1204,1603,1550,5,0,OK
5314,2025-12-02 12:01:22,AA:BB:CC:DD:EE:FF,11:22:33:44:55:66,1206,1595,1545,5,0,OK
5313,2025-12-02 12:01:22,AA:BB:CC:DD:EE:FF,11:22:33:44:55:66,1208,1599,1549,5,0,OK
5312,2025-12-02 12:01:21,AA:BB:CC:DD:EE:FF,11:22:33:44:55:66,1203,1595,1550,5,0,OK
5311,2025-12-02 12:01:21,AA:BB:CC:DD:EE:FF,11:22:33:44:55:66,1211,1602,1545,5,0,OK
5310,2025-12-02 12:01:21,AA:BB:CC:DD:EE:FF,11:22:33:44:55:66,1212,1602,1547,5,0,OK
5309,2025-12-02 12:01:21,AA:BB:CC:DD:EE:FF,11:22:33:44:55:66,1211,1603,1552,5,0,OK
5308,2025-12-02 12:01:21,AA:BB:CC:DD:EE:FF,11:22:33:44:55:66,1205,1597,1551,5,0,OK
5307,2025-12-02 12:01:21,AA:BB:CC:DD:EE:FF,11:22:33:44:55:66,1207,1599,1551,5,0,OK
5306,2025-12-02 12:01:21,AA:BB:CC:DD:EE:FF,11:22:33:44:55:66,1212,1601,1545,5,0,OK
5305,2025-12-02 12:01:21,AA:BB:CC:DD:EE:FF,11:22:33:44:55:66,1206,1601,1546,5,0,OK
5304,2025-12-02 12:01:21,AA:BB:CC:DD:EE:FF,11:22:33:44:55:66,1206,1600,1546,5,0,OK
5303,2025-12-02 12:01:20,AA:BB:CC:DD:EE:FF,11:22:33:44:55:66,1209,1597,1549,5,0,OK
5302,2025-12-02 12:01:20,AA:BB:CC:DD:EE:FF,11:22:33:44:55:66,1209,1603,1546,5,0,OK
5301,2025-12-02 12:01:20,AA:BB:CC:DD:EE:FF,11:22:33:44:55:66,1203,1605,1548,5,0,OK
5300,2025-12-02 12:01:20,AA:BB:CC:DD:EE:FF,11:22:33:44:55:66,1207,1600,1550,5,0,OK
5299,2025-12-02 12:01:20,AA:BB:CC:DD:EE:FF,11:22:33:44:55:66,1204,1600,1546,5,0,OK
5298,2025-12-02 12:01:20,AA:BB:CC:DD:EE:FF,11:22:33:44:55:66,1212,1602,1552,5,0,OK
5297,2025-12-02 12:01:20,AA:BB:CC:DD:EE:FF,11:22:33:44:55:66,1212,1596,1545,5,0,OK
5296,2025-12-02 12:01:20,AA:BB:CC:DD:EE:FF,11:22:33:44:55:66,1208,1600,1551,5,0,OK
5295,2025-12-02 12:01:20,AA:BB:CC:DD:EE:FF,11:22:33:44:55:66,1212,1595,1544,5,0,OK
5294,2025-12-02 12:01:20,AA:BB:CC:DD:EE:FF,11:22:33:44:55:66,1205,1602,1545,5,0,OK
5293,2025-12-02 12:01:19,AA:BB:CC:DD:EE:FF,11:22:33:44:55:66,1206,1595,1547,5,0,OK
5292,2025-12-02 12:01:19,AA:BB:CC:DD:EE:FF,11:22:33:44:55:66,1204,1600,1550,5,0,OK
5291,2025-12-02 12:01:19,AA:BB:CC:DD:EE:FF,11:22:33:44:55:66,1207,1595,1548,5,0,OK
5290,2025-12-02 12:01:19,AA:BB:CC:DD:EE:FF,11:22:33:44:55:66,1209,1598,1552,5,0,OK
5289,2025-12-02 12:01:18,AA:BB:CC:DD:EE:FF,11:22:33:44:55:66,1210,1598,1551,5,0,OK
5288,2025-12-02 12:01:18,AA:BB:CC:DD:EE:FF,11:22:33:44:55:66,1206,1603,1550,5,0,OK
5287,2025-12-02 12:01:18,AA:BB:CC:DD:EE:FF,11:22:33:44:55:66,1207,1595,1545,5,0,OK
5286,2025-12-02 12:01:18,AA:BB:CC:DD:EE:FF,11:22:33:44:55:66,1204,1595,1548,5,0,OK
5285,2025-12-02 12:01:18,AA:BB:CC:DD:EE:FF,11:22:33:44:55:66,1211,1599,1547,5,0,OK
5284,2025-12-02 12:01:17,AA:BB:CC:DD:EE:FF,11:22:33:44:55:66,1212,1599,1546,5,0,OK
5283,2025-12-02 12:01:17,AA:BB:CC:DD:EE:FF,11:22:33:44:55:66,1204,1603,1546,5,0,OK
5282,2025-12-02 12:01:17,AA:BB:CC:DD:EE:FF,11:22:33:44:55:66,1208,1596,1555,5,0,OK
5281,2025-12-02 12:01:17,AA:BB:CC:DD:EE:FF,11:22:33:44:55:66,1207,1596,1545,5,0,OK
5280,2025-12-02 12:01:17,AA:BB:CC:DD:EE:FF,11:22:33:44:55:66,1211,1601,1547,5,0,OK
5279,2025-12-02 12:01:17,AA:BB:CC:DD:EE:FF,11:22:33:44:55:66,1206,1597,1548,5,0,OK
5278,2025-12-02 12:01:17,AA:BB:CC:DD:EE:FF,11:22:33:44:55:66,1210,1606,1553,5,0,OK
5277,2025-12-02 12:01:17,AA:BB:CC:DD:EE:FF,11:22:33:44:55:66,1209,1603,1547,5,0,OK
5276,2025-12-02 12:01:17,AA:BB:CC:DD:EE:FF,11:22:33:44:55:66,1208,1602,1551,5,0,OK
5275,2025-12-02 12:01:17,AA:BB:CC:DD:EE:FF,11:22:33:44:55:66,1208,1602,1546,5,0,OK
5274,2025-12-02 12:01:16,AA:BB:CC:DD:EE:FF,11:22:33:44:55:66,1207,1600,1549,5,0,OK
5273,2025-12-02 12:01:16,AA:BB:CC:DD:EE:FF,11:22:33:44:55:66,1212,1604,1546,5,0,OK
5272,2025-12-02 12:01:16,AA:BB:CC:DD:EE:FF,11:22:33:44:55:66,1209,1598,1549,5,0,OK
5271,2025-12-02 12:01:16,AA:BB:CC:DD:EE:FF,11:22:33:44:55:66,1211,1604,1552,5,0,OK
5270,2025-12-02 12:01:16,AA:BB:CC:DD:EE:FF,11:22:33:44:55:66,1211,1602,1550,5,0,OK
5269,2025-12-02 12:01:16,AA:BB:CC:DD:EE:FF,11:22:33:44:55:66,1211,1598,1550,5,0,OK
5268,2025-12-02 12:01:16,AA:BB:CC:DD:EE:FF,11:22:33:44:55:66,1209,1600,1550,5,0,OK
5267,2025-12-02 12:01:16,AA:BB:CC:DD:EE:FF,11:22:33:44:55:66,1207,1603,1554,5,0,OK
5266,2025-12-02 12:01:16,AA:BB:CC:DD:EE:FF,11:22:33:44:55:66,1209,1599,1553,5,0,OK
5265,2025-12-02 12:01:15,AA:BB:CC:DD:EE:FF,11:22:33:44:55:66,1211,1595,1547,5,0,OK
5264,2025-12-02 12:01:15,AA:BB:CC:DD:EE:FF,11:22:33:44:55:66,1208,1599,1551,5,0,OK
5263,2025-12-02 12:01:15,AA:BB:CC:DD:EE:FF,11:22:33:44:55:66,1216,1604,1545,5,0,OK
5262,2025-12-02 12:01:15,AA:BB:CC:DD:EE:FF,11:22:33:44:55:66,1212,1598,1545,5,0,OK
5261,2025-12-02 12:01:15,AA:BB:CC:DD:EE:FF,11:22:33:44:55:66,1212,1600,1546,5,0,OK
5260,2025-12-02 12:01:15,AA:BB:CC:DD:EE:FF,11:22:33:44:55:66,1204,1597,1545,5,0,OK
5259,2025-12-02 12:01:15,AA:BB:CC:DD:EE:FF,11:22:33:44:55:66,1210,1598,1553,5,0,OK
5258,2025-12-02 12:01:15,AA:BB:CC:DD:EE:FF,11:22:33:44:55:66,1212,1600,1549,5,0,OK
5257,2025-12-02 12:01:15,AA:BB:CC:DD:EE:FF,11:22:33:44:55:66,1215,1601,1545,5,0,OK
5256,2025-12-02 12:01:14,AA:BB:CC:DD:EE:FF,11:22:33:44:55:66,1208,1603,1548,5,0,OK
5255,2025-12-02 12:01:14,AA:BB:CC:DD:EE:FF,11:22:33:44:55:66,1208,1604,1548,5,0,OK
5254,2025-12-02 12:01:14,AA:BB:CC:DD:EE:FF,11:22:33:44:55:66,1211,1604,1547,5,0,OK
5253,2025-12-02 12:01:14,AA:BB:CC:DD:EE:FF,11:22:33:44:55:66,1213,1601,1551,5,0,OK
5252,2025-12-02 12:01:14,AA:BB:CC:DD:EE:FF,11:22:33:44:55:66,1210,1604,1545,5,0,OK
5251,2025-12-02 12:01:14,AA:BB:CC:DD:EE:FF,11:22:33:44:55:66,1212,1601,1555,5,0,OK
5250,2025-12-02 12:01:14,AA:BB:CC:DD:EE:FF,11:22:33:44:55:66,1213,1599,1553,5,0,OK
5249,2025-12-02 12:01:14,AA:BB:CC:DD:EE:FF,11:22:33:44:55:66,1210,1598,1555,5,0,OK
5248,2025-12-02 12:01:14,AA:BB:CC:DD:EE:FF,11:22:33:44:55:66,1213,1600,1552,5,0,OK
5247,2025-12-02 12:01:14,AA:BB:CC:DD:EE:FF,11:22:33:44:55:66,1208,1597,1545,5,0,OK
5246,2025-12-02 12:01:13,AA:BB:CC:DD:EE:FF,11:22:33:44:55:66,1212,1603,1553,5,0,OK
5245,2025-12-02 12:01:13,AA:BB:CC:DD:EE:FF,11:22:33:44:55:66,1213,1602,1553,5,0,OK
5244,2025-12-02 12:01:13,AA:BB:CC:DD:EE:FF,11:22:33:44:55:66,1208,1602,1551,5,0,OK
5243,2025-12-02 12:01:13,AA:BB:CC:DD:EE:FF,11:22:33:44:55:66,1212,1603,1549,5,0,OK
5242,2025-12-02 12:01:13,AA:BB:CC:DD:EE:FF,11:22:33:44:55:66,1208,1604,1553,5,0,OK
5241,2025-12-02 12:01:13,AA:BB:CC:DD:EE:FF,11:22:33:44:55:66,1201,1602,1557,5,0,OK
5240,2025-12-02 12:01:13,AA:BB:CC:DD:EE:FF,11:22:33:44:55:66,1206,1602,1553,5,0,OK
5239,2025-12-02 12:01:13,AA:BB:CC:DD:EE:FF,11:22:33:44:55:66,1210,1598,1553,5,0,OK
5238,2025-12-02 12:01:13,AA:BB:CC:DD:EE:FF,11:22:33:44:55:66,1212,1598,1547,5,0,OK
5237,2025-12-02 12:01:13,AA:BB:CC:DD:EE:FF,11:22:33:44:55:66,1214,1600,1548,5,0,OK
5236,2025-12-02 12:01:12,AA:BB:CC:DD:EE:FF,11:22:33:44:55:66,1206,1598,1547,5,0,OK
5235,2025-12-02 12:01:12,AA:BB:CC:DD:EE:FF,11:22:33:44:55:66,1212,1604,1550,5,0,OK
5234,2025-12-02 12:01:12,AA:BB:CC:DD:EE:FF,11:22:33:44:55:66,1209,1602,1547,5,0,OK
5233,2025-12-02 12:01:12,AA:BB:CC:DD:EE:FF,11:22:33:44:55:66,1208,1600,1550,5,0,OK
5232,2025-12-02 12:01:12,AA:BB:CC:DD:EE:FF,11:22:33:44:55:66,1208,1603,1554,5,0,OK
5231,2025-12-02 12:01:12,AA:BB:CC:DD:EE:FF,11:22:33:44:55:66,1207,1598,1546,5,0,OK
5230,2025-12-02 12:01:12,AA:BB:CC:DD:EE:FF,11:22:33:44:55:66,1209,1603,1545,5,0,OK
5229,2025-12-02 12:01:12,AA:BB:CC:DD:EE:FF,11:22:33:44:55:66,1208,1601,1552,5,0,OK
5228,2025-12-02 12:01:12,AA:BB:CC:DD:EE:FF,11:22:33:44:55:66,1207,1599,1553,5,0,OK
5227,2025-12-02 12:01:11,AA:BB:CC:DD:EE:FF,11:22:33:44:55:66,1211,1598,1545,5,0,OK
5226,2025-12-02 12:01:11,AA:BB:CC:DD:EE:FF,11:22:33:44:55:66,1215,1603,1553,5,0,OK
5225,2025-12-02 12:01:11,AA:BB:CC:DD:EE:FF,11:22:33:44:55:66,1207,1600,1551,5,0,OK
5224,2025-12-02 12:01:11,AA:BB:CC:DD:EE:FF,11:22:33:44:55:66,1212,1603,1552,5,0,OK
5223,2025-12-02 12:01:11,AA:BB:CC:DD:EE:FF,11:22:33:44:55:66,1212,1602,1553,5,0,OK
5222,2025-12-02 12:01:11,AA:BB:CC:DD:EE:FF,11:22:33:44:55:66,1212,1602,1549,5,0,OK
5221,2025-12-02 12:01:11,AA:BB:CC:DD:EE:FF,11:22:33:44:55:66,1208,1607,1553,5,0,OK
5220,2025-12-02 12:01:11,AA:BB:CC:DD:EE:FF,11:22:33:44:55:66,1216,1604,1545,5,0,OK
5219,2025-12-02 12:01:11,AA:BB:CC:DD:EE:FF,11:22:33:44:55:66,1216,1606,1556,5,0,OK
5218,2025-12-02 12:01:11,AA:BB:CC:DD:EE:FF,11:22:33:44:55:66,1212,1602,1549,5,0,OK
5217,2025-12-02 12:01:10,AA:BB:CC:DD:EE:FF,11:22:33:44:55:66,1212,1603,1547,5,0,OK
5216,2025-12-02 12:01:10,AA:BB:CC:DD:EE:FF,11:22:33:44:55:66,1212,1603,1549,5,0,OK
5215,2025-12-02 12:01:10,AA:BB:CC:DD:EE:FF,11:22:33:44:55:66,1211,1598,1549,5,0,OK
5214,2025-12-02 12:01:10,AA:BB:CC:DD:EE:FF,11:22:33:44:55:66,1209,1605,1550,5,0,OK
5213,2025-12-02 12:01:10,AA:BB:CC:DD:EE:FF,11:22:33:44:55:66,1212,1601,1553,5,0,OK
5212,2025-12-02 12:01:10,AA:BB:CC:DD:EE:FF,11:22:33:44:55:66,1208,1601,1547,5,0,OK
5211,2025-12-02 12:01:10,AA:BB:CC:DD:EE:FF,11:22:33:44:55:66,1209,1604,1552,5,0,OK
5210,2025-12-02 12:01:10,AA:BB:CC:DD:EE:FF,11:22:33:44:55:66,1212,1605,1555,5,0,OK
5209,2025-12-02 12:01:10,AA:BB:CC:DD:EE:FF,11:22:33:44:55:66,1212,1606,1557,5,0,OK
5208,2025-12-02 12:01:09,AA:BB:CC:DD:EE:FF,11:22:33:44:55:66,1206,1603,1550,5,0,OK
5207,2025-12-02 12:01:09,AA:BB:CC:DD:EE:FF,11:22:33:44:55:66,1212,1603,1546,5,0,OK
5206,2025-12-02 12:01:09,AA:BB:CC:DD:EE:FF,11:22:33:44:55:66,1212,1605,1545,5,0,OK
5205,2025-12-02 12:01:09,AA:BB:CC:DD:EE:FF,11:22:33:44:55:66,1207,1605,1550,5,0,OK
5204,2025-12-02 12:01:09,AA:BB:CC:DD:EE:FF,11:22:33:44:55:66,1212,1606,1552,5,0,OK
5203,2025-12-02 12:01:09,AA:BB:CC:DD:EE:FF,11:22:33:44:55:66,1212,1611,1551,5,0,OK
5202,2025-12-02 12:01:09,AA:BB:CC:DD:EE:FF,11:22:33:44:55:66,1206,1607,1552,5,0,OK
5201,2025-12-02 12:01:09,AA:BB:CC:DD:EE:FF,11:22:33:44:55:66,1212,1604,1547,5,0,OK
5200,2025-12-02 12:01:09,AA:BB:CC:DD:EE:FF,11:22:33:44:55:66,1216,1602,1548,5,0,OK
5199,2025-12-02 12:01:09,AA:BB:CC:DD:EE:FF,11:22:33:44:55:66,1216,1602,1547,5,0,OK
5198,2025-12-02 12:01:08,AA:BB:CC:DD:EE:FF,11:22:33:44:55:66,1208,1600,1549,5,0,OK
5197,2025-12-02 12:01:08,AA:BB:CC:DD:EE:FF,11:22:33:44:55:66,1216,1606,1553,5,0,OK
5196,2025-12-02 12:01:08,AA:BB:CC:DD:EE:FF,11:22:33:44:55:66,1212,1605,1549,5,0,OK
5195,2025-12-02 12:01:08,AA:BB:CC:DD:EE:FF,11:22:33:44:55:66,1208,1602,1554,5,0,OK
5194,2025-12-02 12:01:08,AA:BB:CC:DD:EE:FF,11:22:33:44:55:66,1214,1606,1554,5,0,OK
5193,2025-12-02 12:01:08,AA:BB:CC:DD:EE:FF,11:22:33:44:55:66,1210,1605,1549,5,0,OK
5192,2025-12-02 12:01:08,AA:BB:CC:DD:EE:FF,11:22:33:44:55:66,1219,1604,1547,5,0,OK
5191,2025-12-02 12:01:08,AA:BB:CC:DD:EE:FF,11:22:33:44:55:66,1216,1602,1553,5,0,OK
5190,2025-12-02 12:01:08,AA:BB:CC:DD:EE:FF,11:22:33:44:55:66,1211,1606,1549,5,0,OK
5189,2025-12-02 12:01:07,AA:BB:CC:DD:EE:FF,11:22:33:44:55:66,1208,1611,1553,5,0,OK
5188,2025-12-02 12:01:07,AA:BB:CC:DD:EE:FF,11:22:33:44:55:66,1209,1597,1553,5,0,OK
5187,2025-12-02 12:01:07,AA:BB:CC:DD:EE:FF,11:22:33:44:55:66,1213,1604,1555,5,0,OK
5186,2025-12-02 12:01:07,AA:BB:CC:DD:EE:FF,11:22:33:44:55:66,1212,1605,1549,5,0,OK
5185,2025-12-02 12:01:07,AA:BB:CC:DD:EE:FF,11:22:33:44:55:66,1212,1597,1553,5,0,OK
5184,2025-12-02 12:01:07,AA:BB:CC:DD:EE:FF,11:22:33:44:55:66,1213,1595,1550,5,0,OK
5183,2025-12-02 12:01:07,AA:BB:CC:DD:EE:FF,11:22:33:44:55:66,1212,1601,1545,5,0,OK
5182,2025-12-02 12:01:07,AA:BB:CC:DD:EE:FF,11:22:33:44:55:66,1213,1601,1552,5,0,OK
5181,2025-12-02 12:01:07,AA:BB:CC:DD:EE:FF,11:22:33:44:55:66,1208,1604,1551,5,0,OK
5180,2025-12-02 12:01:06,AA:BB:CC:DD:EE:FF,11:22:33:44:55:66,1212,1601,1552,5,0,OK
5179,2025-12-02 12:01:06,AA:BB:CC:DD:EE:FF,11:22:33:44:55:66,1211,1604,1550,5,0,OK
5178,2025-12-02 12:01:06,AA:BB:CC:DD:EE:FF,11:22:33:44:55:66,1211,1605,1553,5,0,OK
5177,2025-12-02 12:01:06,AA:BB:CC:DD:EE:FF,11:22:33:44:55:66,1214,1603,1549,5,0,OK
5176,2025-12-02 12:01:06,AA:BB:CC:DD:EE:FF,11:22:33:44:55:66,1217,1610,1549,5,0,OK
5175,2025-12-02 12:01:06,AA:BB:CC:DD:EE:FF,11:22:33:44:55:66,1214,1604,1552,5,0,OK
5174,2025-12-02 12:01:06,AA:BB:CC:DD:EE:FF,11:22:33:44:55:66,1212,1602,1555,5,0,OK
5173,2025-12-02 12:01:06,AA:BB:CC:DD:EE:FF,11:22:33:44:55:66,1211,1605,1560,5,0,OK
5172,2025-12-02 12:01:06,AA:BB:CC:DD:EE:FF,11:22:33:44:55:66,1211,1608,1555,5,0,OK
5171,2025-12-02 12:01:06,AA:BB:CC:DD:EE:FF,11:22:33:44:55:66,1210,1606,1554,5,0,OK
5170,2025-12-02 12:01:05,AA:BB:CC:DD:EE:FF,11:22:33:44:55:66,1216,1605,1554,5,0,OK
5169,2025-12-02 12:01:05,AA:BB:CC:DD:EE:FF,11:22:33:44:55:66,1208,1605,1553,5,0,OK
5168,2025-12-02 12:01:05,AA:BB:CC:DD:EE:FF,11:22:33:44:55:66,1212,1602,1552,5,0,OK
5167,2025-12-02 12:01:05,AA:BB:CC:DD:EE:FF,11:22:33:44:55:66,1213,1605,1549,5,0,OK
5166,2025-12-02 12:01:05,AA:BB:CC:DD:EE:FF,11:22:33:44:55:66,1213,1610,1558,5,0,OK
5165,2025-12-02 12:01:05,AA:BB:CC:DD:EE:FF,11:22:33:44:55:66,1208,1606,1560,5,0,OK
5164,2025-12-02 12:01:05,AA:BB:CC:DD:EE:FF,11:22:33:44:55:66,1216,1606,1557,5,0,OK
5163,2025-12-02 12:01:05,AA:BB:CC:DD:EE:FF,11:22:33:44:55:66,1214,1606,1558,5,0,OK
5162,2025-12-02 12:01:05,AA:BB:CC:DD:EE:FF,11:22:33:44:55:66,1213,1601,1553,5,0,OK
5161,2025-12-02 12:01:04,AA:BB:CC:DD:EE:FF,11:22:33:44:55:66,1213,1607,1556,5,0,OK
5160,2025-12-02 12:01:04,AA:BB:CC:DD:EE:FF,11:22:33:44:55:66,1212,1603,1559,5,0,OK
5159,2025-12-02 12:01:04,AA:BB:CC:DD:EE:FF,11:22:33:44:55:66,1212,1602,1558,5,0,OK
5158,2025-12-02 12:01:04,AA:BB:CC:DD:EE:FF,11:22:33:44:55:66,1209,1602,1554,5,0,OK
5157,2025-12-02 12:01:04,AA:BB:CC:DD:EE:FF,11:22:33:44:55:66,1208,1602,1558,5,0,OK
5156,2025-12-02 12:01:04,AA:BB:CC:DD:EE:FF,11:22:33:44:55:66,1214,1610,1553,5,0,OK
5155,2025-12-02 12:01:04,AA:BB:CC:DD:EE:FF,11:22:33:44:55:66,1209,1596,1553,5,0,OK
5154,2025-12-02 12:01:04,AA:BB:CC:DD:EE:FF,11:22:33:44:55:66,1212,1598,1557,5,0,OK
5153,2025-12-02 12:01:04,AA:BB:CC:DD:EE:FF,11:22:33:44:55:66,1212,1604,1553,5,0,OK
5152,2025-12-02 12:01:04,AA:BB:CC:DD:EE:FF,11:22:33:44:55:66,1217,1604,1557,5,0,OK
5151,2025-12-02 12:01:03,AA:BB:CC:DD:EE:FF,11:22:33:44:55:66,1212,1600,1553,5,0,OK
5150,2025-12-02 12:01:03,AA:BB:CC:DD:EE:FF,11:22:33:44:55:66,1214,1601,1555,5,0,OK
5149,2025-12-02 12:01:03,AA:BB:CC:DD:EE:FF,11:22:33:44:55:66,1212,1599,1560,5,0,OK
5148,2025-12-02 12:01:03,AA:BB:CC:DD:EE:FF,11:22:33:44:55:66,1208,1599,1560,5,0,OK
5147,2025-12-02 12:01:03,AA:BB:CC:DD:EE:FF,11:22:33:44:55:66,1210,1597,1556,5,0,OK
5146,2025-12-02 12:01:03,AA:BB:CC:DD:EE:FF,11:22:33:44:55:66,1212,1597,1560,5,0,OK
5145,2025-12-02 12:01:03,AA:BB:CC:DD:EE:FF,11:22:33:44:55:66,1207,1591,1557,5,0,OK
5144,2025-12-02 12:01:03,AA:BB:CC:DD:EE:FF,11:22:33:44:55:66,1201,1595,1547,5,0,OK
5143,2025-12-02 12:01:03,AA:BB:CC:DD:EE:FF,11:22:33:44:55:66,1242,1596,1531,5,0,OK
5142,2025-12-02 12:01:02,AA:BB:CC:DD:EE:FF,11:22:33:44:55:66,1151,1606,1558,5,0,OK
5141,2025-12-02 12:01:02,AA:BB:CC:DD:EE:FF,11:22:33:44:55:66,1167,1420,1569,5,0,OK
5140,2025-12-02 12:01:02,AA:BB:CC:DD:EE:FF,11:22:33:44:55:66,1412,1464,1749,5,0,OK
5139,2025-12-02 12:01:02,AA:BB:CC:DD:EE:FF,11:22:33:44:55:66,1052,1266,1408,5,0,OK
5138,2025-12-02 12:01:02,AA:BB:CC:DD:EE:FF,11:22:33:44:55:66,783,1669,1649,5,0,OK
5137,2025-12-02 12:01:02,AA:BB:CC:DD:EE:FF,11:22:33:44:55:66,1053,1670,1704,5,0,OK
5136,2025-12-02 12:01:02,AA:BB:CC:DD:EE:FF,11:22:33:44:55:66,1490,1620,1629,5,0,OK
5135,2025-12-02 12:01:02,AA:BB:CC:DD:EE:FF,11:22:33:44:55:66,1518,1312,1572,5,0,OK
5134,2025-12-02 12:01:02,AA:BB:CC:DD:EE:FF,11:22:33:44:55:66,1484,1163,1432,5,0,OK
5133,2025-12-02 12:01:02,AA:BB:CC:DD:EE:FF,11:22:33:44:55:66,1400,1445,1455,5,0,OK
5132,2025-12-02 12:01:01,AA:BB:CC:DD:EE:FF,11:22:33:44:55:66,1575,1429,1508,5,0,OK
5131,2025-12-02 12:01:01,AA:BB:CC:DD:EE:FF,11:22:33:44:55:66,1683,1299,1553,5,0,OK
5130,2025-12-02 12:01:01,AA:BB:CC:DD:EE:FF,11:22:33:44:55:66,1703,1113,1448,5,0,OK
5129,2025-12-02 12:01:01,AA:BB:CC:DD:EE:FF,11:22:33:44:55:66,1622,1106,1643,5,0,OK
5128,2025-12-02 12:01:01,AA:BB:CC:DD:EE:FF,11:22:33:44:55:66,1591,1877,1736,5,0,OK
5127,2025-12-02 12:01:01,AA:BB:CC:DD:EE:FF,11:22:33:44:55:66,1518,1708,1758,5,0,OK
5126,2025-12-02 12:01:01,AA:BB:CC:DD:EE:FF,11:22:33:44:55:66,1632,1651,1688,5,0,OK
5125,2025-12-02 12:01:01,AA:BB:CC:DD:EE:FF,11:22:33:44:55:66,1445,1529,1647,5,0,OK
5124,2025-12-02 12:01:01,AA:BB:CC:DD:EE:FF,11:22:33:44:55:66,1337,1863,1797,5,0,OK
5123,2025-12-02 12:01:00,AA:BB:CC:DD:EE:FF,11:22:33:44:55:66,1503,1897,1576,5,0,OK
5122,2025-12-02 12:01:00,AA:BB:CC:DD:EE:FF,11:22:33:44:55:66,1520,1840,1497,5,0,OK
5121,2025-12-02 12:01:00,AA:BB:CC:DD:EE:FF,11:22:33:44:55:66,1508,1859,1525,5,0,OK
5120,2025-12-02 12:01:00,AA:BB:CC:DD:EE:FF,11:22:33:44:55:66,1401,1921,1543,5,0,OK
5119,2025-12-02 12:01:00,AA:BB:CC:DD:EE:FF,11:22:33:44:55:66,1448,1792,1550,5,0,OK
5118,2025-12-02 12:01:00,AA:BB:CC:DD:EE:FF,11:22:33:44:55:66,1511,1860,1589,5,0,OK
5117,2025-12-02 12:01:00,AA:BB:CC:DD:EE:FF,11:22:33:44:55:66,1468,1816,1592,5,0,OK
5116,2025-12-02 12:01:00,AA:BB:CC:DD:EE:FF,11:22:33:44:55:66,1529,1944,1634,5,0,OK
5115,2025-12-02 12:00:59,AA:BB:CC:DD:EE:FF,11:22:33:44:55:66,1453,1628,1644,5,0,OK
5114,2025-12-02 12:00:59,AA:BB:CC:DD:EE:FF,11:22:33:44:55:66,1425,1659,1666,5,0,OK
5113,2025-12-02 12:00:59,AA:BB:CC:DD:EE:FF,11:22:33:44:55:66,1490,1825,1690,5,0,OK
5112,2025-12-02 12:00:59,AA:BB:CC:DD:EE:FF,11:22:33:44:55:66,1277,1686,1736,5,0,OK
5111,2025-12-02 12:00:59,AA:BB:CC:DD:EE:FF,11:22:33:44:55:66,1286,1643,1790,5,0,OK
5110,2025-12-02 12:00:59,AA:BB:CC:DD:EE:FF,11:22:33:44:55:66,1251,1521,1760,5,0,OK
5109,2025-12-02 12:00:59,AA:BB:CC:DD:EE:FF,11:22:33:44:55:66,1277,1756,1789,5,0,OK
5108,2025-12-02 12:00:59,AA:BB:CC:DD:EE:FF,11:22:33:44:55:66,1319,1270,1674,5,0,OK
5107,2025-12-02 12:00:58,AA:BB:CC:DD:EE:FF,11:22:33:44:55:66,1280,1399,1648,5,0,OK
5106,2025-12-02 12:00:58,AA:BB:CC:DD:EE:FF,11:22:33:44:55:66,1505,1211,1490,5,0,OK
5105,2025-12-02 12:00:58,AA:BB:CC:DD:EE:FF,11:22:33:44:55:66,1548,1208,1430,5,0,OK
5104,2025-12-02 12:00:58,AA:BB:CC:DD:EE:FF,11:22:33:44:55:66,1328,1322,1424,5,0,OK
5103,2025-12-02 12:00:58,AA:BB:CC:DD:EE:FF,11:22:33:44:55:66,1580,1132,1331,5,0,OK
5102,2025-12-02 12:00:58,AA:BB:CC:DD:EE:FF,11:22:33:44:55:66,1368,1183,1421,5,0,OK
5101,2025-12-02 12:00:58,AA:BB:CC:DD:EE:FF,11:22:33:44:55:66,1760,1214,1265,5,0,OK
5100,2025-12-02 12:00:58,AA:BB:CC:DD:EE:FF,11:22:33:44:55:66,1637,1118,1363,5,0,OK
5099,2025-12-02 12:00:57,AA:BB:CC:DD:EE:FF,11:22:33:44:55:66,1915,1291,1226,5,0,OK
5098,2025-12-02 12:00:57,AA:BB:CC:DD:EE:FF,11:22:33:44:55:66,1976,1373,1342,5,0,OK
5097,2025-12-02 12:00:57,AA:BB:CC:DD:EE:FF,11:22:33:44:55:66,1547,1357,1285,5,0,OK
5096,2025-12-02 12:00:57,AA:BB:CC:DD:EE:FF,11:22:33:44:55:66,1557,1306,1240,5,0,OK
5095,2025-12-02 12:00:57,AA:BB:CC:DD:EE:FF,11:22:33:44:55:66,1662,1298,1200,5,0,OK
5094,2025-12-02 12:00:57,AA:BB:CC:DD:EE:FF,11:22:33:44:55:66,1567,1444,1259,5,0,OK
5093,2025-12-02 12:00:57,AA:BB:CC:DD:EE:FF,11:22:33:44:55:66,1623,1291,1258,5,0,OK
5092,2025-12-02 12:00:57,AA:BB:CC:DD:EE:FF,11:22:33:44:55:66,1610,1388,1320,5,0,OK
5091,2025-12-02 12:00:56,AA:BB:CC:DD:EE:FF,11:22:33:44:55:66,1532,1316,1423,5,0,OK
5090,2025-12-02 12:00:56,AA:BB:CC:DD:EE:FF,11:22:33:44:55:66,1618,1203,1346,5,0,OK
5089,2025-12-02 12:00:56,AA:BB:CC:DD:EE:FF,11:22:33:44:55:66,1520,1216,1462,5,0,OK
5088,2025-12-02 12:00:56,AA:BB:CC:DD:EE:FF,11:22:33:44:55:66,1308,855,1397,5,0,OK
5087,2025-12-02 12:00:56,AA:BB:CC:DD:EE:FF,11:22:33:44:55:66,1585,1238,1734,5,0,OK
5086,2025-12-02 12:00:56,AA:BB:CC:DD:EE:FF,11:22:33:44:55:66,1373,1243,1683,5,0,OK
5085,2025-12-02 12:00:56,AA:BB:CC:DD:EE:FF,11:22:33:44:55:66,1510,1354,1693,5,0,OK
5084,2025-12-02 12:00:56,AA:BB:CC:DD:EE:FF,11:22:33:44:55:66,1437,1680,1838,5,0,OK
5083,2025-12-02 12:00:56,AA:BB:CC:DD:EE:FF,11:22:33:44:55:66,1498,1501,1669,5,0,OK
5082,2025-12-02 12:00:55,AA:BB:CC:DD:EE:FF,11:22:33:44:55:66,1524,1426,1575,5,0,OK
5081,2025-12-02 12:00:55,AA:BB:CC:DD:EE:FF,11:22:33:44:55:66,1496,1607,1458,5,0,OK
5080,2025-12-02 12:00:55,AA:BB:CC:DD:EE:FF,11:22:33:44:55:66,1531,1944,1429,5,0,OK
5079,2025-12-02 12:00:55,AA:BB:CC:DD:EE:FF,11:22:33:44:55:66,1451,1773,1400,5,0,OK
5078,2025-12-02 12:00:55,AA:BB:CC:DD:EE:FF,11:22:33:44:55:66,1461,2031,1518,5,0,OK
5077,2025-12-02 12:00:55,AA:BB:CC:DD:EE:FF,11:22:33:44:55:66,1523,1407,1656,5,0,OK
5076,2025-12-02 12:00:55,AA:BB:CC:DD:EE:FF,11:22:33:44:55:66,1486,1134,1720,5,0,OK
5075,2025-12-02 12:00:55,AA:BB:CC:DD:EE:FF,11:22:33:44:55:66,1440,1285,1628,5,0,OK
5074,2025-12-02 12:00:55,AA:BB:CC:DD:EE:FF,11:22:33:44:55:66,1531,729,1298,5,0,OK
5073,2025-12-02 12:00:55,AA:BB:CC:DD:EE:FF,11:22:33:44:55:66,1518,990,1374,5,0,OK
5072,2025-12-02 12:00:54,AA:BB:CC:DD:EE:FF,11:22:33:44:55:66,1525,1103,1412,5,0,OK
5071,2025-12-02 12:00:54,AA:BB:CC:DD:EE:FF,11:22:33:44:55:66,1495,1131,1492,5,0,OK
5070,2025-12-02 12:00:54,AA:BB:CC:DD:EE:FF,11:22:33:44:55:66,1532,1326,1605,5,0,OK
5069,2025-12-02 12:00:54,AA:BB:CC:DD:EE:FF,11:22:33:44:55:66,1429,1596,1763,5,0,OK
5068,2025-12-02 12:00:54,AA:BB:CC:DD:EE:FF,11:22:33:44:55:66,1420,1765,1546,5,0,OK
5067,2025-12-02 12:00:54,AA:BB:CC:DD:EE:FF,11:22:33:44:55:66,1486,1732,1540,5,0,OK
5066,2025-12-02 12:00:54,AA:BB:CC:DD:EE:FF,11:22:33:44:55:66,1453,1810,1516,5,0,OK
5065,2025-12-02 12:00:54,AA:BB:CC:DD:EE:FF,11:22:33:44:55:66,1429,1775,1535,5,0,OK
5064,2025-12-02 12:00:54,AA:BB:CC:DD:EE:FF,11:22:33:44:55:66,1444,1788,1570,5,0,OK
5063,2025-12-02 12:00:54,AA:BB:CC:DD:EE:FF,11:22:33:44:55:66,1417,1635,1504,5,0,OK
5062,2025-12-02 12:00:53,AA:BB:CC:DD:EE:FF,11:22:33:44:55:66,1424,1795,1615,5,0,OK
5061,2025-12-02 12:00:53,AA:BB:CC:DD:EE:FF,11:22:33:44:55:66,1420,1793,1622,5,0,OK
5060,2025-12-02 12:00:53,AA:BB:CC:DD:EE:FF,11:22:33:44:55:66,1501,1759,1605,5,0,OK
5059,2025-12-02 12:00:53,AA:BB:CC:DD:EE:FF,11:22:33:44:55:66,1452,1719,1637,5,0,OK
5058,2025-12-02 12:00:53,AA:BB:CC:DD:EE:FF,11:22:33:44:55:66,1461,1750,1651,5,0,OK
5057,2025-12-02 12:00:53,AA:BB:CC:DD:EE:FF,11:22:33:44:55:66,1439,1749,1633,5,0,OK
5056,2025-12-02 12:00:53,AA:BB:CC:DD:EE:FF,11:22:33:44:55:66,1430,1789,1633,5,0,OK
5055,2025-12-02 12:00:53,AA:BB:CC:DD:EE:FF,11:22:33:44:55:66,1416,1821,1633,5,0,OK
5054,2025-12-02 12:00:53,AA:BB:CC:DD:EE:FF,11:22:33:44:55:66,1401,1791,1618,5,0,OK
5053,2025-12-02 12:00:52,AA:BB:CC:DD:EE:FF,11:22:33:44:55:66,1434,1786,1644,5,0,OK
5052,2025-12-02 12:00:52,AA:BB:CC:DD:EE:FF,11:22:33:44:55:66,1444,1743,1654,5,0,OK
5051,2025-12-02 12:00:52,AA:BB:CC:DD:EE:FF,11:22:33:44:55:66,1440,1792,1643,5,0,OK
5050,2025-12-02 12:00:52,AA:BB:CC:DD:EE:FF,11:22:33:44:55:66,1442,1751,1659,5,0,OK
5049,2025-12-02 12:00:52,AA:BB:CC:DD:EE:FF,11:22:33:44:55:66,1426,1771,1630,5,0,OK
5048,2025-12-02 12:00:52,AA:BB:CC:DD:EE:FF,11:22:33:44:55:66,1430,1771,1624,5,0,OK
5047,2025-12-02 12:00:52,AA:BB:CC:DD:EE:FF,11:22:33:44:55:66,1439,1742,1659,5,0,OK
5046,2025-12-02 12:00:52,AA:BB:CC:DD:EE:FF,11:22:33:44:55:66,1408,1786,1624,5,0,OK
5045,2025-12-02 12:00:52,AA:BB:CC:DD:EE:FF,11:22:33:44:55:66,1448,1735,1652,5,0,OK
5044,2025-12-02 12:00:52,AA:BB:CC:DD:EE:FF,11:22:33:44:55:66,1416,1803,1601,5,0,OK
5043,2025-12-02 12:00:51,AA:BB:CC:DD:EE:FF,11:22:33:44:55:66,1415,1799,1610,5,0,OK
5042,2025-12-02 12:00:51,AA:BB:CC:DD:EE:FF,11:22:33:44:55:66,1434,1742,1616,5,0,OK
5041,2025-12-02 12:00:51,AA:BB:CC:DD:EE:FF,11:22:33:44:55:66,1437,1756,1644,5,0,OK
5040,2025-12-02 12:00:51,AA:BB:CC:DD:EE:FF,11:22:33:44:55:66,1418,1777,1617,5,0,OK
5039,2025-12-02 12:00:51,AA:BB:CC:DD:EE:FF,11:22:33:44:55:66,1413,1800,1640,5,0,OK
5038,2025-12-02 12:00:51,AA:BB:CC:DD:EE:FF,11:22:33:44:55:66,1440,1754,1626,5,0,OK
5037,2025-12-02 12:00:51,AA:BB:CC:DD:EE:FF,11:22:33:44:55:66,1444,1728,1590,5,0,OK
5036,2025-12-02 12:00:51,AA:BB:CC:DD:EE:FF,11:22:33:44:55:66,1426,1807,1631,5,0,OK
5035,2025-12-02 12:00:51,AA:BB:CC:DD:EE:FF,11:22:33:44:55:66,1434,1771,1631,5,0,OK
5034,2025-12-02 12:00:50,AA:BB:CC:DD:EE:FF,11:22:33:44:55:66,1434,1721,1604,5,0,OK
5033,2025-12-02 12:00:50,AA:BB:CC:DD:EE:FF,11:22:33:44:55:66,1427,1735,1641,5,0,OK
5032,2025-12-02 12:00:50,AA:BB:CC:DD:EE:FF,11:22:33:44:55:66,1410,1826,1589,5,0,OK
5031,2025-12-02 12:00:50,AA:BB:CC:DD:EE:FF,11:22:33:44:55:66,1451,1672,1581,5,0,OK
5030,2025-12-02 12:00:50,AA:BB:CC:DD:EE:FF,11:22:33:44:55:66,1435,1740,1611,5,0,OK
5029,2025-12-02 12:00:50,AA:BB:CC:DD:EE:FF,11:22:33:44:55:66,1418,1782,1590,5,0,OK
5028,2025-12-02 12:00:50,AA:BB:CC:DD:EE:FF,11:22:33:44:55:66,1411,1821,1596,5,0,OK
5027,2025-12-02 12:00:50,AA:BB:CC:DD:EE:FF,11:22:33:44:55:66,1419,1778,1594,5,0,OK
5026,2025-12-02 12:00:50,AA:BB:CC:DD:EE:FF,11:22:33:44:55:66,1422,1756,1583,5,0,OK
5025,2025-12-02 12:00:49,AA:BB:CC:DD:EE:FF,11:22:33:44:55:66,1428,1870,1596,5,0,OK
5024,2025-12-02 12:00:49,AA:BB:CC:DD:EE:FF,11:22:33:44:55:66,1420,1730,1592,5,0,OK
5023,2025-12-02 12:00:49,AA:BB:CC:DD:EE:FF,11:22:33:44:55:66,1357,1779,1581,5,0,OK
5022,2025-12-02 12:00:49,AA:BB:CC:DD:EE:FF,11:22:33:44:55:66,1393,1816,1629,5,0,OK
5021,2025-12-02 12:00:49,AA:BB:CC:DD:EE:FF,11:22:33:44:55:66,1391,1779,1587,5,0,OK
5020,2025-12-02 12:00:49,AA:BB:CC:DD:EE:FF,11:22:33:44:55:66,1419,1770,1648,5,0,OK
5019,2025-12-02 12:00:49,AA:BB:CC:DD:EE:FF,11:22:33:44:55:66,1428,1802,1627,5,0,OK
5018,2025-12-02 12:00:49,AA:BB:CC:DD:EE:FF,11:22:33:44:55:66,1403,1741,1584,5,0,OK
5017,2025-12-02 12:00:49,AA:BB:CC:DD:EE:FF,11:22:33:44:55:66,1410,1749,1630,5,0,OK
5016,2025-12-02 12:00:48,AA:BB:CC:DD:EE:FF,11:22:33:44:55:66,1436,1721,1621,5,0,OK
5015,2025-12-02 12:00:48,AA:BB:CC:DD:EE:FF,11:22:33:44:55:66,1417,1732,1625,5,0,OK
5014,2025-12-02 12:00:48,AA:BB:CC:DD:EE:FF,11:22:33:44:55:66,1387,1772,1638,5,0,OK
5013,2025-12-02 12:00:48,AA:BB:CC:DD:EE:FF,11:22:33:44:55:66,1379,1768,1640,5,0,OK
5012,2025-12-02 12:00:48,AA:BB:CC:DD:EE:FF,11:22:33:44:55:66,1400,1743,1643,5,0,OK
5011,2025-12-02 12:00:48,AA:BB:CC:DD:EE:FF,11:22:33:44:55:66,1404,1755,1633,5,0,OK
5010,2025-12-02 12:00:48,AA:BB:CC:DD:EE:FF,11:22:33:44:55:66,1396,1770,1648,5,0,OK
5009,2025-12-02 12:00:48,AA:BB:CC:DD:EE:FF,11:22:33:44:55:66,1371,1857,1680,5,0,OK
5008,2025-12-02 12:00:48,AA:BB:CC:DD:EE:FF,11:22:33:44:55:66,1379,1799,1656,5,0,OK
5007,2025-12-02 12:00:47,AA:BB:CC:DD:EE:FF,11:22:33:44:55:66,1401,1795,1670,5,0,OK
5006,2025-12-02 12:00:47,AA:BB:CC:DD:EE:FF,11:22:33:44:55:66,1407,1779,1671,5,0,OK
5005,2025-12-02 12:00:47,AA:BB:CC:DD:EE:FF,11:22:33:44:55:66,1401,1785,1659,5,0,OK
5004,2025-12-02 12:00:47,AA:BB:CC:DD:EE:FF,11:22:33:44:55:66,1417,1728,1650,5,0,OK
5003,2025-12-02 12:00:47,AA:BB:CC:DD:EE:FF,11:22:33:44:55:66,1414,1758,1654,5,0,OK
5002,2025-12-02 12:00:47,AA:BB:CC:DD:EE:FF,11:22:33:44:55:66,1422,1747,1647,5,0,OK
5001,2025-12-02 12:00:47,AA:BB:CC:DD:EE:FF,11:22:33:44:55:66,1414,1747,1652,5,0,OK
5000,2025-12-02 12:00:47,AA:BB:CC:DD:EE:FF,11:22:33:44:55:66,1426,1754,1652,5,0,OK
4999,2025-12-02 12:00:47,AA:BB:CC:DD:EE:FF,11:22:33:44:55:66,1417,1760,1645,5,0,OK
4998,2025-12-02 12:00:47,AA:BB:CC:DD:EE:FF,11:22:33:44:55:66,1427,1762,1653,5,0,OK
4997,2025-12-02 12:00:46,AA:BB:CC:DD:EE:FF,11:22:33:44:55:66,1432,1755,1650,5,0,OK
4996,2025-12-02 12:00:46,AA:BB:CC:DD:EE:FF,11:22:33:44:55:66,1416,1763,1651,5,0,OK
4995,2025-12-02 12:00:46,AA:BB:CC:DD:EE:FF,11:22:33:44:55:66,1436,1758,1659,5,0,OK
4994,2025-12-02 12:00:46,AA:BB:CC:DD:EE:FF,11:22:33:44:55:66,1424,1745,1637,5,0,OK
4993,2025-12-02 12:00:46,AA:BB:CC:DD:EE:FF,11:22:33:44:55:66,1422,1770,1651,5,0,OK
4992,2025-12-02 12:00:46,AA:BB:CC:DD:EE:FF,11:22:33:44:55:66,1430,1760,1637,5,0,OK
4991,2025-12-02 12:00:46,AA:BB:CC:DD:EE:FF,11:22:33:44:55:66,1436,1740,1628,5,0,OK
4990,2025-12-02 12:00:46,AA:BB:CC:DD:EE:FF,11:22:33:44:55:66,1427,1767,1631,5,0,OK
4989,2025-12-02 12:00:46,AA:BB:CC:DD:EE:FF,11:22:33:44:55:66,1431,1778,1632,5,0,OK
4988,2025-12-02 12:00:46,AA:BB:CC:DD:EE:FF,11:22:33:44:55:66,1441,1785,1628,5,0,OK
4987,2025-12-02 12:00:45,AA:BB:CC:DD:EE:FF,11:22:33:44:55:66,1436,1776,1618,5,0,OK
4986,2025-12-02 12:00:45,AA:BB:CC:DD:EE:FF,11:22:33:44:55:66,1437,1763,1624,5,0,OK
4985,2025-12-02 12:00:45,AA:BB:CC:DD:EE:FF,11:22:33:44:55:66,1433,1779,1618,5,0,OK
4984,2025-12-02 12:00:45,AA:BB:CC:DD:EE:FF,11:22:33:44:55:66,1437,1796,1622,5,0,OK
4983,2025-12-02 12:00:45,AA:BB:CC:DD:EE:FF,11:22:33:44:55:66,1429,1784,1616,5,0,OK
4982,2025-12-02 12:00:45,AA:BB:CC:DD:EE:FF,11:22:33:44:55:66,1432,1765,1611,5,0,OK
4981,2025-12-02 12:00:45,AA:BB:CC:DD:EE:FF,11:22:33:44:55:66,1433,1770,1613,5,0,OK
4980,2025-12-02 12:00:45,AA:BB:CC:DD:EE:FF,11:22:33:44:55:66,1443,1795,1617,5,0,OK
4979,2025-12-02 12:00:45,AA:BB:CC:DD:EE:FF,11:22:33:44:55:66,1428,1819,1591,5,0,OK
4978,2025-12-02 12:00:44,AA:BB:CC:DD:EE:FF,11:22:33:44:55:66,1475,1814,1606,5,0,OK
4977,2025-12-02 12:00:44,AA:BB:CC:DD:EE:FF,11:22:33:44:55:66,1490,1797,1576,5,0,OK
4976,2025-12-02 12:00:44,AA:BB:CC:DD:EE:FF,11:22:33:44:55:66,1492,1844,1545,5,0,OK
4975,2025-12-02 12:00:44,AA:BB:CC:DD:EE:FF,11:22:33:44:55:66,1474,1843,1548,5,0,OK
4974,2025-12-02 12:00:44,AA:BB:CC:DD:EE:FF,11:22:33:44:55:66,1467,1847,1545,5,0,OK
4973,2025-12-02 12:00:44,AA:BB:CC:DD:EE:FF,11:22:33:44:55:66,1500,1822,1530,5,0,OK
4972,2025-12-02 12:00:44,AA:BB:CC:DD:EE:FF,11:22:33:44:55:66,1437,1785,1503,5,0,OK
4971,2025-12-02 12:00:44,AA:BB:CC:DD:EE:FF,11:22:33:44:55:66,1434,1836,1481,5,0,OK
4970,2025-12-02 12:00:44,AA:BB:CC:DD:EE:FF,11:22:33:44:55:66,1473,1849,1483,5,0,OK
4969,2025-12-02 12:00:43,AA:BB:CC:DD:EE:FF,11:22:33:44:55:66,1595,1816,1454,5,0,OK
4968,2025-12-02 12:00:43,AA:BB:CC:DD:EE:FF,11:22:33:44:55:66,1499,1778,1481,5,0,OK
4967,2025-12-02 12:00:43,AA:BB:CC:DD:EE:FF,11:22:33:44:55:66,1461,1705,1456,5,0,OK
4966,2025-12-02 12:00:43,AA:BB:CC:DD:EE:FF,11:22:33:44:55:66,1477,1828,1487,5,0,OK
4965,2025-12-02 12:00:43,AA:BB:CC:DD:EE:FF,11:22:33:44:55:66,1449,1817,1468,5,0,OK
4964,2025-12-02 12:00:43,AA:BB:CC:DD:EE:FF,11:22:33:44:55:66,1447,1816,1476,5,0,OK
4963,2025-12-02 12:00:43,AA:BB:CC:DD:EE:FF,11:22:33:44:55:66,1459,1803,1502,5,0,OK
4962,2025-12-02 12:00:43,AA:BB:CC:DD:EE:FF,11:22:33:44:55:66,1457,1792,1490,5,0,OK
4961,2025-12-02 12:00:43,AA:BB:CC:DD:EE:FF,11:22:33:44:55:66,1442,1821,1503,5,0,OK
4960,2025-12-02 12:00:43,AA:BB:CC:DD:EE:FF,11:22:33:44:55:66,1466,1799,1516,5,0,OK
4959,2025-12-02 12:00:42,AA:BB:CC:DD:EE:FF,11:22:33:44:55:66,1487,1800,1507,5,0,OK
4958,2025-12-02 12:00:42,AA:BB:CC:DD:EE:FF,11:22:33:44:55:66,1464,1803,1507,5,0,OK
4957,2025-12-02 12:00:42,AA:BB:CC:DD:EE:FF,11:22:33:44:55:66,1477,1798,1518,5,0,OK
4956,2025-12-02 12:00:42,AA:BB:CC:DD:EE:FF,11:22:33:44:55:66,1490,1801,1509,5,0,OK
4955,2025-12-02 12:00:42,AA:BB:CC:DD:EE:FF,11:22:33:44:55:66,1483,1839,1532,5,0,OK
4954,2025-12-02 12:00:42,AA:BB:CC:DD:EE:FF,11:22:33:44:55:66,1463,1796,1519,5,0,OK
4953,2025-12-02 12:00:42,AA:BB:CC:DD:EE:FF,11:22:33:44:55:66,1489,1821,1553,5,0,OK
4952,2025-12-02 12:00:42,AA:BB:CC:DD:EE:FF,11:22:33:44:55:66,1507,1834,1563,5,0,OK
4951,2025-12-02 12:00:42,AA:BB:CC:DD:EE:FF,11:22:33:44:55:66,1524,1837,1583,5,0,OK
4950,2025-12-02 12:00:41,AA:BB:CC:DD:EE:FF,11:22:33:44:55:66,1522,1745,1631,5,0,OK
4949,2025-12-02 12:00:41,AA:BB:CC:DD:EE:FF,11:22:33:44:55:66,1543,1717,1630,5,0,OK
4948,2025-12-02 12:00:41,AA:BB:CC:DD:EE:FF,11:22:33:44:55:66,1548,1720,1683,5,0,OK
4947,2025-12-02 12:00:41,AA:BB:CC:DD:EE:FF,11:22:33:44:55:66,1531,1681,1684,5,0,OK
4946,2025-12-02 12:00:41,AA:BB:CC:DD:EE:FF,11:22:33:44:55:66,1568,1741,1689,5,0,OK
4945,2025-12-02 12:00:41,AA:BB:CC:DD:EE:FF,11:22:33:44:55:66,1563,1732,1669,5,0,OK
4944,2025-12-02 12:00:41,AA:BB:CC:DD:EE:FF,11:22:33:44:55:66,1635,1972,1704,5,0,OK
4943,2025-12-02 12:00:41,AA:BB:CC:DD:EE:FF,11:22:33:44:55:66,1593,1746,1639,5,0,OK
4942,2025-12-02 12:00:41,AA:BB:CC:DD:EE:FF,11:22:33:44:55:66,1566,1770,1614,5,0,OK
4941,2025-12-02 12:00:40,AA:BB:CC:DD:EE:FF,11:22:33:44:55:66,1592,1830,1602,5,0,OK
4940,2025-12-02 12:00:40,AA:BB:CC:DD:EE:FF,11:22:33:44:55:66,1596,1793,1586,5,0,OK
4939,2025-12-02 12:00:40,AA:BB:CC:DD:EE:FF,11:22:33:44:55:66,1574,1768,1553,5,0,OK
4938,2025-12-02 12:00:40,AA:BB:CC:DD:EE:FF,11:22:33:44:55:66,1563,1795,1560,5,0,OK
4937,2025-12-02 12:00:40,AA:BB:CC:DD:EE:FF,11:22:33:44:55:66,1587,1770,1560,5,0,OK
4936,2025-12-02 12:00:40,AA:BB:CC:DD:EE:FF,11:22:33:44:55:66,1576,1856,1574,5,0,OK
4935,2025-12-02 12:00:40,AA:BB:CC:DD:EE:FF,11:22:33:44:55:66,1568,1878,1567,5,0,OK
4934,2025-12-02 12:00:40,AA:BB:CC:DD:EE:FF,11:22:33:44:55:66,1591,2086,1610,5,0,OK
4933,2025-12-02 12:00:40,AA:BB:CC:DD:EE:FF,11:22:33:44:55:66,1408,1424,1605,5,0,OK
4932,2025-12-02 12:00:40,AA:BB:CC:DD:EE:FF,11:22:33:44:55:66,1374,1174,1676,5,0,OK
4931,2025-12-02 12:00:39,AA:BB:CC:DD:EE:FF,11:22:33:44:55:66,1429,1052,1588,5,0,OK
4930,2025-12-02 12:00:39,AA:BB:CC:DD:EE:FF,11:22:33:44:55:66,1491,1428,1683,5,0,OK
4929,2025-12-02 12:00:39,AA:BB:CC:DD:EE:FF,11:22:33:44:55:66,1397,1226,1563,5,0,OK
4928,2025-12-02 12:00:39,AA:BB:CC:DD:EE:FF,11:22:33:44:55:66,1328,1221,1580,5,0,OK
4927,2025-12-02 12:00:39,AA:BB:CC:DD:EE:FF,11:22:33:44:55:66,1498,1505,1576,5,0,OK
4926,2025-12-02 12:00:39,AA:BB:CC:DD:EE:FF,11:22:33:44:55:66,1575,1933,1616,5,0,OK
4925,2025-12-02 12:00:39,AA:BB:CC:DD:EE:FF,11:22:33:44:55:66,1648,1870,1534,5,0,OK
4924,2025-12-02 12:00:39,AA:BB:CC:DD:EE:FF,11:22:33:44:55:66,1717,2052,1486,5,0,OK
4923,2025-12-02 12:00:39,AA:BB:CC:DD:EE:FF,11:22:33:44:55:66,1700,1804,1439,5,0,OK
4922,2025-12-02 12:00:38,AA:BB:CC:DD:EE:FF,11:22:33:44:55:66,1665,1821,1461,5,0,OK
4921,2025-12-02 12:00:38,AA:BB:CC:DD:EE:FF,11:22:33:44:55:66,1717,1787,1476,5,0,OK
4920,2025-12-02 12:00:38,AA:BB:CC:DD:EE:FF,11:22:33:44:55:66,1603,1579,1529,5,0,OK
4919,2025-12-02 12:00:38,AA:BB:CC:DD:EE:FF,11:22:33:44:55:66,1553,1624,1639,5,0,OK
4918,2025-12-02 12:00:38,AA:BB:CC:DD:EE:FF,11:22:33:44:55:66,1502,1558,1740,5,0,OK
4917,2025-12-02 12:00:38,AA:BB:CC:DD:EE:FF,11:22:33:44:55:66,1483,1614,1782,5,0,OK
4916,2025-12-02 12:00:38,AA:BB:CC:DD:EE:FF,11:22:33:44:55:66,1603,1523,1817,5,0,OK
4915,2025-12-02 12:00:38,AA:BB:CC:DD:EE:FF,11:22:33:44:55:66,1545,1516,1787,5,0,OK
4914,2025-12-02 12:00:38,AA:BB:CC:DD:EE:FF,11:22:33:44:55:66,1534,1520,1792,5,0,OK
4913,2025-12-02 12:00:37,AA:BB:CC:DD:EE:FF,11:22:33:44:55:66,1532,1532,1800,5,0,OK
4912,2025-12-02 12:00:37,AA:BB:CC:DD:EE:FF,11:22:33:44:55:66,1535,1548,1806,5,0,OK
4911,2025-12-02 12:00:37,AA:BB:CC:DD:EE:FF,11:22:33:44:55:66,1527,1538,1804,5,0,OK
4910,2025-12-02 12:00:37,AA:BB:CC:DD:EE:FF,11:22:33:44:55:66,1528,1532,1793,5,0,OK
4909,2025-12-02 12:00:37,AA:BB:CC:DD:EE:FF,11:22:33:44:55:66,1532,1516,1787,5,0,OK
4908,2025-12-02 12:00:37,AA:BB:CC:DD:EE:FF,11:22:33:44:55:66,1533,1500,1783,5,0,OK
4907,2025-12-02 12:00:37,AA:BB:CC:DD:EE:FF,11:22:33:44:55:66,1546,1533,1786,5,0,OK
4906,2025-12-02 12:00:36,AA:BB:CC:DD:EE:FF,11:22:33:44:55:66,1553,1554,1821,5,0,OK
4905,2025-12-02 12:00:36,AA:BB:CC:DD:EE:FF,11:22:33:44:55:66,1537,1565,1802,5,0,OK
4904,2025-12-02 12:00:36,AA:BB:CC:DD:EE:FF,11:22:33:44:55:66,1524,1525,1800,5,0,OK
4903,2025-12-02 12:00:36,AA:BB:CC:DD:EE:FF,11:22:33:44:55:66,1545,1546,1805,5,0,OK
4902,2025-12-02 12:00:36,AA:BB:CC:DD:EE:FF,11:22:33:44:55:66,1543,1550,1800,5,0,OK
4901,2025-12-02 12:00:36,AA:BB:CC:DD:EE:FF,11:22:33:44:55:66,1534,1529,1796,5,0,OK
4900,2025-12-02 12:00:36,AA:BB:CC:DD:EE:FF,11:22:33:44:55:66,1540,1536,1797,5,0,OK
4899,2025-12-02 12:00:35,AA:BB:CC:DD:EE:FF,11:22:33:44:55:66,1529,1550,1807,5,0,OK
4898,2025-12-02 12:00:35,AA:BB:CC:DD:EE:FF,11:22:33:44:55:66,1533,1515,1782,5,0,OK
4897,2025-12-02 12:00:35,AA:BB:CC:DD:EE:FF,11:22:33:44:55:66,1520,1524,1790,5,0,OK
4896,2025-12-02 12:00:35,AA:BB:CC:DD:EE:FF,11:22:33:44:55:66,1546,1538,1799,5,0,OK
4895,2025-12-02 12:00:35,AA:BB:CC:DD:EE:FF,11:22:33:44:55:66,1537,1529,1779,5,0,OK
4894,2025-12-02 12:00:35,AA:BB:CC:DD:EE:FF,11:22:33:44:55:66,1538,1545,1787,5,0,OK
4893,2025-12-02 12:00:35,AA:BB:CC:DD:EE:FF,11:22:33:44:55:66,1575,1538,1827,5,0,OK
4892,2025-12-02 12:00:34,AA:BB:CC:DD:EE:FF,11:22:33:44:55:66,1527,1545,1802,5,0,OK
4891,2025-12-02 12:00:34,AA:BB:CC:DD:EE:FF,11:22:33:44:55:66,1516,1558,1788,5,0,OK
4890,2025-12-02 12:00:34,AA:BB:CC:DD:EE:FF,11:22:33:44:55:66,1525,1484,1799,5,0,OK
4889,2025-12-02 12:00:34,AA:BB:CC:DD:EE:FF,11:22:33:44:55:66,1546,1496,1800,5,0,OK
4888,2025-12-02 12:00:34,AA:BB:CC:DD:EE:FF,11:22:33:44:55:66,1532,1454,1801,5,0,OK
4887,2025-12-02 12:00:34,AA:BB:CC:DD:EE:FF,11:22:33:44:55:66,1509,1630,1814,5,0,OK
4886,2025-12-02 12:00:34,AA:BB:CC:DD:EE:FF,11:22:33:44:55:66,1504,1840,1897,5,0,OK
4885,2025-12-02 12:00:34,AA:BB:CC:DD:EE:FF,11:22:33:44:55:66,1575,1570,1834,5,0,OK
4884,2025-12-02 12:00:34,AA:BB:CC:DD:EE:FF,11:22:33:44:55:66,1596,1133,1533,5,0,OK
4883,2025-12-02 12:00:33,AA:BB:CC:DD:EE:FF,11:22:33:44:55:66,1576,1160,1573,5,0,OK
4882,2025-12-02 12:00:33,AA:BB:CC:DD:EE:FF,11:22:33:44:55:66,1467,1139,1560,5,0,OK
4881,2025-12-02 12:00:33,AA:BB:CC:DD:EE:FF,11:22:33:44:55:66,1516,1282,1676,5,0,OK
4880,2025-12-02 12:00:33,AA:BB:CC:DD:EE:FF,11:22:33:44:55:66,1631,1204,1639,5,0,OK
4879,2025-12-02 12:00:33,AA:BB:CC:DD:EE:FF,11:22:33:44:55:66,1582,1199,1660,5,0,OK
4878,2025-12-02 12:00:33,AA:BB:CC:DD:EE:FF,11:22:33:44:55:66,1504,1364,1731,5,0,OK
4877,2025-12-02 12:00:33,AA:BB:CC:DD:EE:FF,11:22:33:44:55:66,1433,1599,1735,5,0,OK
4876,2025-12-02 12:00:33,AA:BB:CC:DD:EE:FF,11:22:33:44:55:66,1474,1621,1643,5,0,OK
4875,2025-12-02 12:00:33,AA:BB:CC:DD:EE:FF,11:22:33:44:55:66,1441,1959,1638,5,0,OK
4874,2025-12-02 12:00:33,AA:BB:CC:DD:EE:FF,11:22:33:44:55:66,1494,1830,1606,5,0,OK
4873,2025-12-02 12:00:32,AA:BB:CC:DD:EE:FF,11:22:33:44:55:66,1487,1806,1616,5,0,OK
4872,2025-12-02 12:00:32,AA:BB:CC:DD:EE:FF,11:22:33:44:55:66,1432,1770,1647,5,0,OK
4871,2025-12-02 12:00:32,AA:BB:CC:DD:EE:FF,11:22:33:44:55:66,1504,1476,1690,5,0,OK
4870,2025-12-02 12:00:32,AA:BB:CC:DD:EE:FF,11:22:33:44:55:66,1442,1677,1749,5,0,OK
4869,2025-12-02 12:00:32,AA:BB:CC:DD:EE:FF,11:22:33:44:55:66,1425,1657,1745,5,0,OK
4868,2025-12-02 12:00:32,AA:BB:CC:DD:EE:FF,11:22:33:44:55:66,1413,1694,1739,5,0,OK
4867,2025-12-02 12:00:32,AA:BB:CC:DD:EE:FF,11:22:33:44:55:66,1439,1667,1734,5,0,OK
4866,2025-12-02 12:00:32,AA:BB:CC:DD:EE:FF,11:22:33:44:55:66,1430,1716,1739,5,0,OK
4865,2025-12-02 12:00:32,AA:BB:CC:DD:EE:FF,11:22:33:44:55:66,1446,1723,1736,5,0,OK
4864,2025-12-02 12:00:31,AA:BB:CC:DD:EE:FF,11:22:33:44:55:66,1451,1698,1737,5,0,OK
4863,2025-12-02 12:00:31,AA:BB:CC:DD:EE:FF,11:22:33:44:55:66,1461,1679,1742,5,0,OK
4862,2025-12-02 12:00:31,AA:BB:CC:DD:EE:FF,11:22:33:44:55:66,1450,1708,1726,5,0,OK
4861,2025-12-02 12:00:31,AA:BB:CC:DD:EE:FF,11:22:33:44:55:66,1434,1712,1739,5,0,OK
4860,2025-12-02 12:00:31,AA:BB:CC:DD:EE:FF,11:22:33:44:55:66,1420,1701,1726,5,0,OK
4859,2025-12-02 12:00:31,AA:BB:CC:DD:EE:FF,11:22:33:44:55:66,1420,1683,1701,5,0,OK
4858,2025-12-02 12:00:31,AA:BB:CC:DD:EE:FF,11:22:33:44:55:66,1416,1653,1681,5,0,OK
4857,2025-12-02 12:00:31,AA:BB:CC:DD:EE:FF,11:22:33:44:55:66,1423,1679,1722,5,0,OK
4856,2025-12-02 12:00:31,AA:BB:CC:DD:EE:FF,11:22:33:44:55:66,1444,1709,1707,5,0,OK
4855,2025-12-02 12:00:31,AA:BB:CC:DD:EE:FF,11:22:33:44:55:66,1445,1718,1729,5,0,OK
4854,2025-12-02 12:00:30,AA:BB:CC:DD:EE:FF,11:22:33:44:55:66,1440,1745,1725,5,0,OK
4853,2025-12-02 12:00:30,AA:BB:CC:DD:EE:FF,11:22:33:44:55:66,1451,1688,1704,5,0,OK
4852,2025-12-02 12:00:30,AA:BB:CC:DD:EE:FF,11:22:33:44:55:66,1422,1736,1712,5,0,OK
4851,2025-12-02 12:00:30,AA:BB:CC:DD:EE:FF,11:22:33:44:55:66,1448,1749,1720,5,0,OK
4850,2025-12-02 12:00:30,AA:BB:CC:DD:EE:FF,11:22:33:44:55:66,1458,1734,1704,5,0,OK
4849,2025-12-02 12:00:30,AA:BB:CC:DD:EE:FF,11:22:33:44:55:66,1459,1698,1702,5,0,OK
4848,2025-12-02 12:00:30,AA:BB:CC:DD:EE:FF,11:22:33:44:55:66,1461,1690,1683,5,0,OK
4847,2025-12-02 12:00:30,AA:BB:CC:DD:EE:FF,11:22:33:44:55:66,1463,1782,1723,5,0,OK
4846,2025-12-02 12:00:30,AA:BB:CC:DD:EE:FF,11:22:33:44:55:66,1462,1756,1705,5,0,OK
4845,2025-12-02 12:00:29,AA:BB:CC:DD:EE:FF,11:22:33:44:55:66,1481,1733,1716,5,0,OK
4844,2025-12-02 12:00:29,AA:BB:CC:DD:EE:FF,11:22:33:44:55:66,1476,1768,1712,5,0,OK
4843,2025-12-02 12:00:29,AA:BB:CC:DD:EE:FF,11:22:33:44:55:66,1458,1662,1691,5,0,OK
4842,2025-12-02 12:00:29,AA:BB:CC:DD:EE:FF,11:22:33:44:55:66,1479,1734,1658,5,0,OK
4841,2025-12-02 12:00:29,AA:BB:CC:DD:EE:FF,11:22:33:44:55:66,1501,1742,1640,5,0,OK
4840,2025-12-02 12:00:29,AA:BB:CC:DD:EE:FF,11:22:33:44:55:66,1495,1785,1625,5,0,OK
4839,2025-12-02 12:00:29,AA:BB:CC:DD:EE:FF,11:22:33:44:55:66,1480,1969,1680,5,0,OK
4838,2025-12-02 12:00:29,AA:BB:CC:DD:EE:FF,11:22:33:44:55:66,1510,1748,1659,5,0,OK
4837,2025-12-02 12:00:29,AA:BB:CC:DD:EE:FF,11:22:33:44:55:66,1451,1672,1674,5,0,OK
4836,2025-12-02 12:00:29,AA:BB:CC:DD:EE:FF,11:22:33:44:55:66,1419,1645,1728,5,0,OK
4835,2025-12-02 12:00:28,AA:BB:CC:DD:EE:FF,11:22:33:44:55:66,1434,1538,1756,5,0,OK
4834,2025-12-02 12:00:28,AA:BB:CC:DD:EE:FF,11:22:33:44:55:66,1416,1557,1809,5,0,OK
4833,2025-12-02 12:00:28,AA:BB:CC:DD:EE:FF,11:22:33:44:55:66,1426,1509,1792,5,0,OK
4832,2025-12-02 12:00:28,AA:BB:CC:DD:EE:FF,11:22:33:44:55:66,1442,1529,1800,5,0,OK
4831,2025-12-02 12:00:28,AA:BB:CC:DD:EE:FF,11:22:33:44:55:66,1448,1539,1812,5,0,OK
4830,2025-12-02 12:00:28,AA:BB:CC:DD:EE:FF,11:22:33:44:55:66,1437,1514,1796,5,0,OK
4829,2025-12-02 12:00:28,AA:BB:CC:DD:EE:FF,11:22:33:44:55:66,1440,1525,1804,5,0,OK
4828,2025-12-02 12:00:28,AA:BB:CC:DD:EE:FF,11:22:33:44:55:66,1429,1544,1785,5,0,OK
4827,2025-12-02 12:00:28,AA:BB:CC:DD:EE:FF,11:22:33:44:55:66,1429,1526,1785,5,0,OK
4826,2025-12-02 12:00:27,AA:BB:CC:DD:EE:FF,11:22:33:44:55:66,1431,1594,1792,5,0,OK
4825,2025-12-02 12:00:27,AA:BB:CC:DD:EE:FF,11:22:33:44:55:66,1437,1596,1791,5,0,OK
4824,2025-12-02 12:00:27,AA:BB:CC:DD:EE:FF,11:22:33:44:55:66,1429,1572,1770,5,0,OK
4823,2025-12-02 12:00:27,AA:BB:CC:DD:EE:FF,11:22:33:44:55:66,1434,1628,1800,5,0,OK
4822,2025-12-02 12:00:27,AA:BB:CC:DD:EE:FF,11:22:33:44:55:66,1457,1492,1771,5,0,OK
4821,2025-12-02 12:00:27,AA:BB:CC:DD:EE:FF,11:22:33:44:55:66,1503,1446,1786,5,0,OK
4820,2025-12-02 12:00:27,AA:BB:CC:DD:EE:FF,11:22:33:44:55:66,1500,1395,1774,5,0,OK
4819,2025-12-02 12:00:27,AA:BB:CC:DD:EE:FF,11:22:33:44:55:66,1538,1283,1741,5,0,OK
4818,2025-12-02 12:00:27,AA:BB:CC:DD:EE:FF,11:22:33:44:55:66,1507,1268,1714,5,0,OK
4817,2025-12-02 12:00:26,AA:BB:CC:DD:EE:FF,11:22:33:44:55:66,1482,1231,1690,5,0,OK
4816,2025-12-02 12:00:26,AA:BB:CC:DD:EE:FF,11:22:33:44:55:66,1377,1529,1714,5,0,OK
4815,2025-12-02 12:00:26,AA:BB:CC:DD:EE:FF,11:22:33:44:55:66,1406,1756,1776,5,0,OK
4814,2025-12-02 12:00:26,AA:BB:CC:DD:EE:FF,11:22:33:44:55:66,1378,1734,1734,5,0,OK
4813,2025-12-02 12:00:26,AA:BB:CC:DD:EE:FF,11:22:33:44:55:66,1412,1729,1719,5,0,OK
4812,2025-12-02 12:00:26,AA:BB:CC:DD:EE:FF,11:22:33:44:55:66,1378,1686,1752,5,0,OK
4811,2025-12-02 12:00:26,AA:BB:CC:DD:EE:FF,11:22:33:44:55:66,1371,1625,1710,5,0,OK
4810,2025-12-02 12:00:26,AA:BB:CC:DD:EE:FF,11:22:33:44:55:66,1370,1698,1719,5,0,OK
4809,2025-12-02 12:00:25,AA:BB:CC:DD:EE:FF,11:22:33:44:55:66,1395,1739,1722,5,0,OK
4808,2025-12-02 12:00:25,AA:BB:CC:DD:EE:FF,11:22:33:44:55:66,1415,1677,1708,5,0,OK
4807,2025-12-02 12:00:25,AA:BB:CC:DD:EE:FF,11:22:33:44:55:66,1369,1691,1745,5,0,OK
4806,2025-12-02 12:00:25,AA:BB:CC:DD:EE:FF,11:22:33:44:55:66,1371,1696,1756,5,0,OK
4805,2025-12-02 12:00:25,AA:BB:CC:DD:EE:FF,11:22:33:44:55:66,1307,1683,1758,5,0,OK
4804,2025-12-02 12:00:25,AA:BB:CC:DD:EE:FF,11:22:33:44:55:66,1358,1708,1809,5,0,OK
4803,2025-12-02 12:00:25,AA:BB:CC:DD:EE:FF,11:22:33:44:55:66,1404,1595,1777,5,0,OK
4802,2025-12-02 12:00:25,AA:BB:CC:DD:EE:FF,11:22:33:44:55:66,1402,1617,1735,5,0,OK
4801,2025-12-02 12:00:25,AA:BB:CC:DD:EE:FF,11:22:33:44:55:66,1430,1726,1793,5,0,OK
4800,2025-12-02 12:00:24,AA:BB:CC:DD:EE:FF,11:22:33:44:55:66,1429,1633,1750,5,0,OK
4799,2025-12-02 12:00:24,AA:BB:CC:DD:EE:FF,11:22:33:44:55:66,1430,1620,1781,5,0,OK
4798,2025-12-02 12:00:24,AA:BB:CC:DD:EE:FF,11:22:33:44:55:66,1422,1572,1781,5,0,OK
4797,2025-12-02 12:00:24,AA:BB:CC:DD:EE:FF,11:22:33:44:55:66,1341,1534,1749,5,0,OK
4796,2025-12-02 12:00:24,AA:BB:CC:DD:EE:FF,11:22:33:44:55:66,1324,1530,1757,5,0,OK
4795,2025-12-02 12:00:24,AA:BB:CC:DD:EE:FF,11:22:33:44:55:66,1384,1550,1754,5,0,OK
4794,2025-12-02 12:00:24,AA:BB:CC:DD:EE:FF,11:22:33:44:55:66,1320,1476,1741,5,0,OK
4793,2025-12-02 12:00:24,AA:BB:CC:DD:EE:FF,11:22:33:44:55:66,1351,1441,1756,5,0,OK
4792,2025-12-02 12:00:24,AA:BB:CC:DD:EE:FF,11:22:33:44:55:66,1332,1470,1757,5,0,OK
4791,2025-12-02 12:00:24,AA:BB:CC:DD:EE:FF,11:22:33:44:55:66,1323,1462,1749,5,0,OK
4790,2025-12-02 12:00:23,AA:BB:CC:DD:EE:FF,11:22:33:44:55:66,1315,1527,1746,5,0,OK
4789,2025-12-02 12:00:23,AA:BB:CC:DD:EE:FF,11:22:33:44:55:66,1303,1544,1729,5,0,OK
4788,2025-12-02 12:00:23,AA:BB:CC:DD:EE:FF,11:22:33:44:55:66,1292,1592,1723,5,0,OK
4787,2025-12-02 12:00:23,AA:BB:CC:DD:EE:FF,11:22:33:44:55:66,1357,1539,1736,5,0,OK
4786,2025-12-02 12:00:23,AA:BB:CC:DD:EE:FF,11:22:33:44:55:66,1350,1619,1755,5,0,OK
4785,2025-12-02 12:00:23,AA:BB:CC:DD:EE:FF,11:22:33:44:55:66,1179,1500,1770,5,0,OK
4784,2025-12-02 12:00:23,AA:BB:CC:DD:EE:FF,11:22:33:44:55:66,1377,1560,1770,5,0,OK
4783,2025-12-02 12:00:23,AA:BB:CC:DD:EE:FF,11:22:33:44:55:66,1349,1567,1780,5,0,OK
4782,2025-12-02 12:00:23,AA:BB:CC:DD:EE:FF,11:22:33:44:55:66,1362,1546,1754,5,0,OK
4781,2025-12-02 12:00:23,AA:BB:CC:DD:EE:FF,11:22:33:44:55:66,1364,1541,1770,5,0,OK
4780,2025-12-02 12:00:22,AA:BB:CC:DD:EE:FF,11:22:33:44:55:66,1350,1585,1803,5,0,OK
4779,2025-12-02 12:00:22,AA:BB:CC:DD:EE:FF,11:22:33:44:55:66,1374,1689,1815,5,0,OK
4778,2025-12-02 12:00:22,AA:BB:CC:DD:EE:FF,11:22:33:44:55:66,1412,1434,1776,5,0,OK
4777,2025-12-02 12:00:22,AA:BB:CC:DD:EE:FF,11:22:33:44:55:66,1389,1166,1715,5,0,OK
4776,2025-12-02 12:00:22,AA:BB:CC:DD:EE:FF,11:22:33:44:55:66,1510,1439,1797,5,0,OK
4775,2025-12-02 12:00:22,AA:BB:CC:DD:EE:FF,11:22:33:44:55:66,1474,1406,1784,5,0,OK
4774,2025-12-02 12:00:22,AA:BB:CC:DD:EE:FF,11:22:33:44:55:66,1517,1518,1805,5,0,OK
4773,2025-12-02 12:00:22,AA:BB:CC:DD:EE:FF,11:22:33:44:55:66,1543,1448,1790,5,0,OK
4772,2025-12-02 12:00:22,AA:BB:CC:DD:EE:FF,11:22:33:44:55:66,1506,1396,1795,5,0,OK
4771,2025-12-02 12:00:21,AA:BB:CC:DD:EE:FF,11:22:33:44:55:66,1424,1461,1799,5,0,OK
4770,2025-12-02 12:00:21,AA:BB:CC:DD:EE:FF,11:22:33:44:55:66,1448,1421,1792,5,0,OK
4769,2025-12-02 12:00:21,AA:BB:CC:DD:EE:FF,11:22:33:44:55:66,1462,1431,1799,5,0,OK
4768,2025-12-02 12:00:21,AA:BB:CC:DD:EE:FF,11:22:33:44:55:66,1477,1407,1787,5,0,OK
4767,2025-12-02 12:00:21,AA:BB:CC:DD:EE:FF,11:22:33:44:55:66,1452,1423,1796,5,0,OK
4766,2025-12-02 12:00:21,AA:BB:CC:DD:EE:FF,11:22:33:44:55:66,1452,1438,1785,5,0,OK
4765,2025-12-02 12:00:21,AA:BB:CC:DD:EE:FF,11:22:33:44:55:66,1437,1443,1807,5,0,OK
4764,2025-12-02 12:00:21,AA:BB:CC:DD:EE:FF,11:22:33:44:55:66,1421,1456,1796,5,0,OK
4763,2025-12-02 12:00:21,AA:BB:CC:DD:EE:FF,11:22:33:44:55:66,1430,1399,1789,5,0,OK
4762,2025-12-02 12:00:20,AA:BB:CC:DD:EE:FF,11:22:33:44:55:66,1428,1387,1792,5,0,OK
4761,2025-12-02 12:00:20,AA:BB:CC:DD:EE:FF,11:22:33:44:55:66,1452,1350,1760,5,0,OK
4760,2025-12-02 12:00:20,AA:BB:CC:DD:EE:FF,11:22:33:44:55:66,1486,1132,1680,5,0,OK
4759,2025-12-02 12:00:20,AA:BB:CC:DD:EE:FF,11:22:33:44:55:66,1509,1208,1726,5,0,OK
4758,2025-12-02 12:00:20,AA:BB:CC:DD:EE:FF,11:22:33:44:55:66,1344,985,1662,5,0,OK
4757,2025-12-02 12:00:20,AA:BB:CC:DD:EE:FF,11:22:33:44:55:66,1439,1373,1775,5,0,OK
4756,2025-12-02 12:00:20,AA:BB:CC:DD:EE:FF,11:22:33:44:55:66,1403,1303,1764,5,0,OK
4755,2025-12-02 12:00:20,AA:BB:CC:DD:EE:FF,11:22:33:44:55:66,1470,1418,1796,5,0,OK
4754,2025-12-02 12:00:20,AA:BB:CC:DD:EE:FF,11:22:33:44:55:66,1458,1411,1788,5,0,OK
4753,2025-12-02 12:00:20,AA:BB:CC:DD:EE:FF,11:22:33:44:55:66,1494,1419,1800,5,0,OK
4752,2025-12-02 12:00:19,AA:BB:CC:DD:EE:FF,11:22:33:44:55:66,1474,1422,1796,5,0,OK
4751,2025-12-02 12:00:19,AA:BB:CC:DD:EE:FF,11:22:33:44:55:66,1499,1408,1799,5,0,OK
4750,2025-12-02 12:00:19,AA:BB:CC:DD:EE:FF,11:22:33:44:55:66,1524,1450,1800,5,0,OK
4749,2025-12-02 12:00:19,AA:BB:CC:DD:EE:FF,11:22:33:44:55:66,1599,1434,1778,5,0,OK
4748,2025-12-02 12:00:19,AA:BB:CC:DD:EE:FF,11:22:33:44:55:66,1557,1400,1782,5,0,OK
4747,2025-12-02 12:00:19,AA:BB:CC:DD:EE:FF,11:22:33:44:55:66,1538,1384,1778,5,0,OK
4746,2025-12-02 12:00:19,AA:BB:CC:DD:EE:FF,11:22:33:44:55:66,1542,1430,1790,5,0,OK
4745,2025-12-02 12:00:19,AA:BB:CC:DD:EE:FF,11:22:33:44:55:66,1585,1439,1781,5,0,OK
4744,2025-12-02 12:00:19,AA:BB:CC:DD:EE:FF,11:22:33:44:55:66,1560,1418,1791,5,0,OK
4743,2025-12-02 12:00:18,AA:BB:CC:DD:EE:FF,11:22:33:44:55:66,1584,1409,1778,5,0,OK
4742,2025-12-02 12:00:18,AA:BB:CC:DD:EE:FF,11:22:33:44:55:66,1544,1399,1786,5,0,OK
4741,2025-12-02 12:00:18,AA:BB:CC:DD:EE:FF,11:22:33:44:55:66,1540,1426,1786,5,0,OK
4740,2025-12-02 12:00:18,AA:BB:CC:DD:EE:FF,11:22:33:44:55:66,1567,1422,1788,5,0,OK
4739,2025-12-02 12:00:18,AA:BB:CC:DD:EE:FF,11:22:33:44:55:66,1473,1474,1801,5,0,OK
4738,2025-12-02 12:00:18,AA:BB:CC:DD:EE:FF,11:22:33:44:55:66,1433,1412,1807,5,0,OK
4737,2025-12-02 12:00:18,AA:BB:CC:DD:EE:FF,11:22:33:44:55:66,1502,1456,1800,5,0,OK
4736,2025-12-02 12:00:18,AA:BB:CC:DD:EE:FF,11:22:33:44:55:66,1450,1502,1791,5,0,OK
4735,2025-12-02 12:00:18,AA:BB:CC:DD:EE:FF,11:22:33:44:55:66,1425,1521,1786,5,0,OK
4734,2025-12-02 12:00:18,AA:BB:CC:DD:EE:FF,11:22:33:44:55:66,1409,1476,1736,5,0,OK
4733,2025-12-02 12:00:17,AA:BB:CC:DD:EE:FF,11:22:33:44:55:66,1363,1475,1722,5,0,OK
4732,2025-12-02 12:00:17,AA:BB:CC:DD:EE:FF,11:22:33:44:55:66,1311,1468,1680,5,0,OK
4731,2025-12-02 12:00:17,AA:BB:CC:DD:EE:FF,11:22:33:44:55:66,1195,1400,1624,5,0,OK
4730,2025-12-02 12:00:17,AA:BB:CC:DD:EE:FF,11:22:33:44:55:66,1212,1408,1588,5,0,OK
4729,2025-12-02 12:00:17,AA:BB:CC:DD:EE:FF,11:22:33:44:55:66,1242,1398,1560,5,0,OK
4728,2025-12-02 12:00:17,AA:BB:CC:DD:EE:FF,11:22:33:44:55:66,1187,1416,1560,5,0,OK
4727,2025-12-02 12:00:17,AA:BB:CC:DD:EE:FF,11:22:33:44:55:66,1174,1400,1549,5,0,OK
4726,2025-12-02 12:00:17,AA:BB:CC:DD:EE:FF,11:22:33:44:55:66,1176,1405,1556,5,0,OK
4725,2025-12-02 12:00:17,AA:BB:CC:DD:EE:FF,11:22:33:44:55:66,1233,1445,1603,5,0,OK
4724,2025-12-02 12:00:16,AA:BB:CC:DD:EE:FF,11:22:33:44:55:66,1291,1441,1629,5,0,OK
4723,2025-12-02 12:00:16,AA:BB:CC:DD:EE:FF,11:22:33:44:55:66,1212,1447,1613,5,0,OK
4722,2025-12-02 12:00:16,AA:BB:CC:DD:EE:FF,11:22:33:44:55:66,1200,1446,1609,5,0,OK
4721,2025-12-02 12:00:16,AA:BB:CC:DD:EE:FF,11:22:33:44:55:66,1212,1447,1616,5,0,OK
4720,2025-12-02 12:00:16,AA:BB:CC:DD:EE:FF,11:22:33:44:55:66,1229,1467,1611,5,0,OK
4719,2025-12-02 12:00:16,AA:BB:CC:DD:EE:FF,11:22:33:44:55:66,1226,1476,1605,5,0,OK
4718,2025-12-02 12:00:16,AA:BB:CC:DD:EE:FF,11:22:33:44:55:66,1198,1453,1618,5,0,OK
4717,2025-12-02 12:00:16,AA:BB:CC:DD:EE:FF,11:22:33:44:55:66,1188,1430,1628,5,0,OK
4716,2025-12-02 12:00:16,AA:BB:CC:DD:EE:FF,11:22:33:44:55:66,1268,1455,1658,5,0,OK
4715,2025-12-02 12:00:16,AA:BB:CC:DD:EE:FF,11:22:33:44:55:66,1225,1422,1694,5,0,OK
4714,2025-12-02 12:00:15,AA:BB:CC:DD:EE:FF,11:22:33:44:55:66,1408,1446,1773,5,0,OK
4713,2025-12-02 12:00:15,AA:BB:CC:DD:EE:FF,11:22:33:44:55:66,1377,1473,1766,5,0,OK
4712,2025-12-02 12:00:15,AA:BB:CC:DD:EE:FF,11:22:33:44:55:66,1364,1504,1760,5,0,OK
4711,2025-12-02 12:00:15,AA:BB:CC:DD:EE:FF,11:22:33:44:55:66,1470,1448,1779,5,0,OK
4710,2025-12-02 12:00:15,AA:BB:CC:DD:EE:FF,11:22:33:44:55:66,1368,1396,1755,5,0,OK
4709,2025-12-02 12:00:15,AA:BB:CC:DD:EE:FF,11:22:33:44:55:66,1563,1351,1754,5,0,OK
4708,2025-12-02 12:00:15,AA:BB:CC:DD:EE:FF,11:22:33:44:55:66,1609,1353,1770,5,0,OK
4707,2025-12-02 12:00:15,AA:BB:CC:DD:EE:FF,11:22:33:44:55:66,1609,1338,1743,5,0,OK
4706,2025-12-02 12:00:15,AA:BB:CC:DD:EE:FF,11:22:33:44:55:66,1622,1303,1720,5,0,OK
4705,2025-12-02 12:00:15,AA:BB:CC:DD:EE:FF,11:22:33:44:55:66,1633,1314,1713,5,0,OK
4704,2025-12-02 12:00:14,AA:BB:CC:DD:EE:FF,11:22:33:44:55:66,1617,1302,1702,5,0,OK
4703,2025-12-02 12:00:14,AA:BB:CC:DD:EE:FF,11:22:33:44:55:66,1630,1300,1712,5,0,OK
4702,2025-12-02 12:00:14,AA:BB:CC:DD:EE:FF,11:22:33:44:55:66,1601,1346,1702,5,0,OK
4701,2025-12-02 12:00:14,AA:BB:CC:DD:EE:FF,11:22:33:44:55:66,1580,1363,1736,5,0,OK
4700,2025-12-02 12:00:14,AA:BB:CC:DD:EE:FF,11:22:33:44:55:66,1590,1333,1739,5,0,OK
4699,2025-12-02 12:00:14,AA:BB:CC:DD:EE:FF,11:22:33:44:55:66,1508,1364,1767,5,0,OK
4698,2025-12-02 12:00:14,AA:BB:CC:DD:EE:FF,11:22:33:44:55:66,1426,1442,1800,5,0,OK
4697,2025-12-02 12:00:14,AA:BB:CC:DD:EE:FF,11:22:33:44:55:66,1436,1483,1787,5,0,OK
4696,2025-12-02 12:00:14,AA:BB:CC:DD:EE:FF,11:22:33:44:55:66,1419,1561,1799,5,0,OK
4695,2025-12-02 12:00:13,AA:BB:CC:DD:EE:FF,11:22:33:44:55:66,1405,1598,1790,5,0,OK
4694,2025-12-02 12:00:13,AA:BB:CC:DD:EE:FF,11:22:33:44:55:66,1513,1587,1743,5,0,OK
4693,2025-12-02 12:00:13,AA:BB:CC:DD:EE:FF,11:22:33:44:55:66,1397,1602,1784,5,0,OK
4692,2025-12-02 12:00:13,AA:BB:CC:DD:EE:FF,11:22:33:44:55:66,1493,1630,1749,5,0,OK
4691,2025-12-02 12:00:13,AA:BB:CC:DD:EE:FF,11:22:33:44:55:66,1521,1643,1807,5,0,OK
4690,2025-12-02 12:00:13,AA:BB:CC:DD:EE:FF,11:22:33:44:55:66,1531,1599,1774,5,0,OK
4689,2025-12-02 12:00:13,AA:BB:CC:DD:EE:FF,11:22:33:44:55:66,1567,1581,1778,5,0,OK
4688,2025-12-02 12:00:13,AA:BB:CC:DD:EE:FF,11:22:33:44:55:66,1429,1638,1810,5,0,OK
4687,2025-12-02 12:00:13,AA:BB:CC:DD:EE:FF,11:22:33:44:55:66,1458,1586,1754,5,0,OK
4686,2025-12-02 12:00:12,AA:BB:CC:DD:EE:FF,11:22:33:44:55:66,1432,1504,1810,5,0,OK
4685,2025-12-02 12:00:12,AA:BB:CC:DD:EE:FF,11:22:33:44:55:66,1266,1575,1722,5,0,OK
4684,2025-12-02 12:00:12,AA:BB:CC:DD:EE:FF,11:22:33:44:55:66,1183,1611,1690,5,0,OK
4683,2025-12-02 12:00:12,AA:BB:CC:DD:EE:FF,11:22:33:44:55:66,1272,1527,1554,5,0,OK
4682,2025-12-02 12:00:12,AA:BB:CC:DD:EE:FF,11:22:33:44:55:66,1104,1475,1516,5,0,OK
4681,2025-12-02 12:00:12,AA:BB:CC:DD:EE:FF,11:22:33:44:55:66,1212,1481,1423,5,0,OK
4680,2025-12-02 12:00:12,AA:BB:CC:DD:EE:FF,11:22:33:44:55:66,1285,1471,1440,5,0,OK
4679,2025-12-02 12:00:12,AA:BB:CC:DD:EE:FF,11:22:33:44:55:66,1328,1446,1340,5,0,OK
4678,2025-12-02 12:00:12,AA:BB:CC:DD:EE:FF,11:22:33:44:55:66,1446,1358,1372,5,0,OK
4677,2025-12-02 12:00:12,AA:BB:CC:DD:EE:FF,11:22:33:44:55:66,2675,2580,2597,5,0,OK
4676,2025-12-02 12:00:11,AA:BB:CC:DD:EE:FF,11:22:33:44:55:66,2900,2600,2600,5,0,OK
4675,2025-12-02 12:00:11,AA:BB:CC:DD:EE:FF,11:22:33:44:55:66,2904,2612,2604,5,0,OK
4674,2025-12-02 12:00:11,AA:BB:CC:DD:EE:FF,11:22:33:44:55:66,2903,2604,2606,5,0,OK
4673,2025-12-02 12:00:11,AA:BB:CC:DD:EE:FF,11:22:33:44:55:66,2899,2605,2600,5,0,OK
4672,2025-12-02 12:00:11,AA:BB:CC:DD:EE:FF,11:22:33:44:55:66,2902,2598,2603,5,0,OK
4671,2025-12-02 12:00:11,AA:BB:CC:DD:EE:FF,11:22:33:44:55:66,2899,2598,2598,5,0,OK
4670,2025-12-02 12:00:11,AA:BB:CC:DD:EE:FF,11:22:33:44:55:66,2896,2601,2598,5,0,OK
4669,2025-12-02 12:00:11,AA:BB:CC:DD:EE:FF,11:22:33:44:55:66,2888,2592,2596,5,0,OK
4668,2025-12-02 12:00:11,AA:BB:CC:DD:EE:FF,11:22:33:44:55:66,2888,2595,2593,5,0,OK
4667,2025-12-02 12:00:10,AA:BB:CC:DD:EE:FF,11:22:33:44:55:66,2881,2601,2606,5,0,OK
4666,2025-12-02 12:00:10,AA:BB:CC:DD:EE:FF,11:22:33:44:55:66,2874,2614,2614,5,0,OK
4665,2025-12-02 12:00:10,AA:BB:CC:DD:EE:FF,11:22:33:44:55:66,2860,2648,2650,5,0,OK
4664,2025-12-02 12:00:10,AA:BB:CC:DD:EE:FF,11:22:33:44:55:66,2842,2719,2712,5,0,OK
4663,2025-12-02 12:00:10,AA:BB:CC:DD:EE:FF,11:22:33:44:55:66,2808,2811,2816,5,0,OK
4662,2025-12-02 12:00:10,AA:BB:CC:DD:EE:FF,11:22:33:44:55:66,2520,2482,2485,5,0,OK
4661,2025-12-02 12:00:10,AA:BB:CC:DD:EE:FF,11:22:33:44:55:66,1209,1302,1557,5,0,OK
4660,2025-12-02 12:00:10,AA:BB:CC:DD:EE:FF,11:22:33:44:55:66,1326,1287,1676,5,0,OK
4659,2025-12-02 12:00:10,AA:BB:CC:DD:EE:FF,11:22:33:44:55:66,1352,1393,1673,5,0,OK
4658,2025-12-02 12:00:09,AA:BB:CC:DD:EE:FF,11:22:33:44:55:66,1268,1321,1662,5,0,OK
4657,2025-12-02 12:00:09,AA:BB:CC:DD:EE:FF,11:22:33:44:55:66,1122,1266,1641,5,0,OK
4656,2025-12-02 12:00:09,AA:BB:CC:DD:EE:FF,11:22:33:44:55:66,2745,2851,2852,5,0,OK
4655,2025-12-02 12:00:09,AA:BB:CC:DD:EE:FF,11:22:33:44:55:66,1393,1373,1714,5,0,OK
4654,2025-12-02 12:00:09,AA:BB:CC:DD:EE:FF,11:22:33:44:55:66,1197,1321,1668,5,0,OK
4653,2025-12-02 12:00:09,AA:BB:CC:DD:EE:FF,11:22:33:44:55:66,1243,1385,1662,5,0,OK
4652,2025-12-02 12:00:09,AA:BB:CC:DD:EE:FF,11:22:33:44:55:66,1297,1355,1637,5,0,OK
4651,2025-12-02 12:00:09,AA:BB:CC:DD:EE:FF,11:22:33:44:55:66,1262,1441,1669,5,0,OK
4650,2025-12-02 12:00:09,AA:BB:CC:DD:EE:FF,11:22:33:44:55:66,1299,1191,1614,5,0,OK
4649,2025-12-02 12:00:09,AA:BB:CC:DD:EE:FF,11:22:33:44:55:66,1334,1318,1623,5,0,OK
4648,2025-12-02 12:00:08,AA:BB:CC:DD:EE:FF,11:22:33:44:55:66,1416,1402,1741,5,0,OK
4647,2025-12-02 12:00:08,AA:BB:CC:DD:EE:FF,11:22:33:44:55:66,1512,1444,1799,5,0,OK
4646,2025-12-02 12:00:08,AA:BB:CC:DD:EE:FF,11:22:33:44:55:66,1636,1493,1746,5,0,OK
4645,2025-12-02 12:00:08,AA:BB:CC:DD:EE:FF,11:22:33:44:55:66,1417,1323,1742,5,0,OK
4644,2025-12-02 12:00:08,AA:BB:CC:DD:EE:FF,11:22:33:44:55:66,1402,1146,1678,5,0,OK
4643,2025-12-02 12:00:08,AA:BB:CC:DD:EE:FF,11:22:33:44:55:66,1484,1450,1770,5,0,OK
4642,2025-12-02 12:00:08,AA:BB:CC:DD:EE:FF,11:22:33:44:55:66,1596,1533,1763,5,0,OK
4641,2025-12-02 12:00:07,AA:BB:CC:DD:EE:FF,11:22:33:44:55:66,1499,1231,1723,5,0,OK
4640,2025-12-02 12:00:07,AA:BB:CC:DD:EE:FF,11:22:33:44:55:66,1502,1179,1723,5,0,OK
4639,2025-12-02 12:00:07,AA:BB:CC:DD:EE:FF,11:22:33:44:55:66,1451,1333,1785,5,0,OK
4638,2025-12-02 12:00:07,AA:BB:CC:DD:EE:FF,11:22:33:44:55:66,1160,1458,1806,5,0,OK
4637,2025-12-02 12:00:07,AA:BB:CC:DD:EE:FF,11:22:33:44:55:66,1534,1441,1859,5,0,OK
4636,2025-12-02 12:00:07,AA:BB:CC:DD:EE:FF,11:22:33:44:55:66,1316,1483,1802,5,0,OK
4635,2025-12-02 12:00:07,AA:BB:CC:DD:EE:FF,11:22:33:44:55:66,1500,1629,1840,5,0,OK
4634,2025-12-02 12:00:07,AA:BB:CC:DD:EE:FF,11:22:33:44:55:66,1375,1347,1734,5,0,OK
4633,2025-12-02 12:00:07,AA:BB:CC:DD:EE:FF,11:22:33:44:55:66,1299,1342,1712,5,0,OK
4632,2025-12-02 12:00:06,AA:BB:CC:DD:EE:FF,11:22:33:44:55:66,1265,1344,1701,5,0,OK
4631,2025-12-02 12:00:06,AA:BB:CC:DD:EE:FF,11:22:33:44:55:66,1390,1009,1604,5,0,OK
4630,2025-12-02 12:00:06,AA:BB:CC:DD:EE:FF,11:22:33:44:55:66,1514,1451,1749,5,0,OK
4629,2025-12-02 12:00:06,AA:BB:CC:DD:EE:FF,11:22:33:44:55:66,1456,1364,1706,5,0,OK
4628,2025-12-02 12:00:06,AA:BB:CC:DD:EE:FF,11:22:33:44:55:66,1320,1218,1681,5,0,OK
4627,2025-12-02 12:00:06,AA:BB:CC:DD:EE:FF,11:22:33:44:55:66,1349,1286,1665,5,0,OK
4626,2025-12-02 12:00:06,AA:BB:CC:DD:EE:FF,11:22:33:44:55:66,1338,1262,1683,5,0,OK
4625,2025-12-02 12:00:06,AA:BB:CC:DD:EE:FF,11:22:33:44:55:66,1440,1262,1695,5,0,OK
4624,2025-12-02 12:00:06,AA:BB:CC:DD:EE:FF,11:22:33:44:55:66,1577,1395,1763,5,0,OK
4623,2025-12-02 12:00:06,AA:BB:CC:DD:EE:FF,11:22:33:44:55:66,1529,1437,1729,5,0,OK
4622,2025-12-02 12:00:05,AA:BB:CC:DD:EE:FF,11:22:33:44:55:66,1539,1725,1663,5,0,OK
4621,2025-12-02 12:00:05,AA:BB:CC:DD:EE:FF,11:22:33:44:55:66,1589,1592,1659,5,0,OK
4620,2025-12-02 12:00:05,AA:BB:CC:DD:EE:FF,11:22:33:44:55:66,1645,1542,1616,5,0,OK
4619,2025-12-02 12:00:05,AA:BB:CC:DD:EE:FF,11:22:33:44:55:66,1665,2310,1708,5,0,OK
4618,2025-12-02 12:00:05,AA:BB:CC:DD:EE:FF,11:22:33:44:55:66,1798,1895,1676,5,0,OK
4617,2025-12-02 12:00:05,AA:BB:CC:DD:EE:FF,11:22:33:44:55:66,1629,1936,1595,5,0,OK
4616,2025-12-02 12:00:05,AA:BB:CC:DD:EE:FF,11:22:33:44:55:66,1662,1723,1545,5,0,OK
4615,2025-12-02 12:00:05,AA:BB:CC:DD:EE:FF,11:22:33:44:55:66,1637,1780,1491,5,0,OK
4614,2025-12-02 12:00:05,AA:BB:CC:DD:EE:FF,11:22:33:44:55:66,1547,1722,1380,5,0,OK
4613,2025-12-02 12:00:04,AA:BB:CC:DD:EE:FF,11:22:33:44:55:66,1476,1676,1313,5,0,OK
4612,2025-12-02 12:00:04,AA:BB:CC:DD:EE:FF,11:22:33:44:55:66,1674,1778,1344,5,0,OK
4611,2025-12-02 12:00:04,AA:BB:CC:DD:EE:FF,11:22:33:44:55:66,1806,1859,1258,5,0,OK
4610,2025-12-02 12:00:04,AA:BB:CC:DD:EE:FF,11:22:33:44:55:66,1519,1607,1212,5,0,OK
4609,2025-12-02 12:00:04,AA:BB:CC:DD:EE:FF,11:22:33:44:55:66,1539,1633,1210,5,0,OK
4608,2025-12-02 12:00:04,AA:BB:CC:DD:EE:FF,11:22:33:44:55:66,1475,1799,1213,5,0,OK
4607,2025-12-02 12:00:04,AA:BB:CC:DD:EE:FF,11:22:33:44:55:66,1110,1404,1170,5,0,OK
4606,2025-12-02 12:00:04,AA:BB:CC:DD:EE:FF,11:22:33:44:55:66,898,1443,1212,5,0,OK
4605,2025-12-02 12:00:04,AA:BB:CC:DD:EE:FF,11:22:33:44:55:66,1291,1475,1332,5,0,OK
4604,2025-12-02 12:00:04,AA:BB:CC:DD:EE:FF,11:22:33:44:55:66,1300,1357,1460,5,0,OK
4603,2025-12-02 12:00:03,AA:BB:CC:DD:EE:FF,11:22:33:44:55:66,1316,1344,1482,5,0,OK
4602,2025-12-02 12:00:03,AA:BB:CC:DD:EE:FF,11:22:33:44:55:66,1320,1307,1469,5,0,OK
4601,2025-12-02 12:00:03,AA:BB:CC:DD:EE:FF,11:22:33:44:55:66,1205,1296,1444,5,0,OK
4600,2025-12-02 12:00:03,AA:BB:CC:DD:EE:FF,11:22:33:44:55:66,1130,1415,1455,5,0,OK
4599,2025-12-02 12:00:03,AA:BB:CC:DD:EE:FF,11:22:33:44:55:66,1205,1386,1421,4,0,OK
4598,2025-12-02 12:00:03,AA:BB:CC:DD:EE:FF,11:22:33:44:55:66,1117,1369,1377,4,0,OK
4597,2025-12-02 12:00:03,AA:BB:CC:DD:EE:FF,11:22:33:44:55:66,1378,1377,1316,4,0,OK
4596,2025-12-02 12:00:03,AA:BB:CC:DD:EE:FF,11:22:33:44:55:66,1226,1223,1212,4,0,OK
4595,2025-12-02 12:00:03,AA:BB:CC:DD:EE:FF,11:22:33:44:55:66,2545,2545,2589,4,0,OK
4594,2025-12-02 12:00:02,AA:BB:CC:DD:EE:FF,11:22:33:44:55:66,1371,1669,1187,4,0,OK
4593,2025-12-02 12:00:02,AA:BB:CC:DD:EE:FF,11:22:33:44:55:66,1560,1598,1261,4,0,OK
4592,2025-12-02 12:00:02,AA:BB:CC:DD:EE:FF,11:22:33:44:55:66,1548,1683,1190,4,0,OK
4591,2025-12-02 12:00:02,AA:BB:CC:DD:EE:FF,11:22:33:44:55:66,1612,1707,1276,4,0,OK
4590,2025-12-02 12:00:02,AA:BB:CC:DD:EE:FF,11:22:33:44:55:66,1560,1537,1250,4,0,OK
4589,2025-12-02 12:00:02,AA:BB:CC:DD:EE:FF,11:22:33:44:55:66,1611,1690,1285,4,0,OK
4588,2025-12-02 12:00:02,AA:BB:CC:DD:EE:FF,11:22:33:44:55:66,522,563,560,4,0,OK
4587,2025-12-02 12:00:02,AA:BB:CC:DD:EE:FF,11:22:33:44:55:66,2538,2643,2313,4,0,OK
4586,2025-12-02 12:00:02,AA:BB:CC:DD:EE:FF,11:22:33:44:55:66,1560,1723,1547,4,0,OK
4585,2025-12-02 12:00:02,AA:BB:CC:DD:EE:FF,11:22:33:44:55:66,1731,1560,1540,4,0,OK
4584,2025-12-02 12:00:01,AA:BB:CC:DD:EE:FF,11:22:33:44:55:66,1531,1362,1536,4,0,OK
4583,2025-12-02 12:00:01,AA:BB:CC:DD:EE:FF,11:22:33:44:55:66,1296,1438,1576,4,0,OK
4582,2025-12-02 12:00:01,AA:BB:CC:DD:EE:FF,11:22:33:44:55:66,1567,1361,1801,4,0,OK
4581,2025-12-02 12:00:01,AA:BB:CC:DD:EE:FF,11:22:33:44:55:66,1480,1687,1767,4,0,OK
4580,2025-12-02 12:00:01,AA:BB:CC:DD:EE:FF,11:22:33:44:55:66,1795,1162,1585,4,0,OK
4579,2025-12-02 12:00:01,AA:BB:CC:DD:EE:FF,11:22:33:44:55:66,1612,1082,1559,4,0,OK
4578,2025-12-02 12:00:01,AA:BB:CC:DD:EE:FF,11:22:33:44:55:66,1486,1248,1563,4,0,OK
4577,2025-12-02 12:00:01,AA:BB:CC:DD:EE:FF,11:22:33:44:55:66,1683,1033,1299,4,0,OK
4576,2025-12-02 12:00:01,AA:BB:CC:DD:EE:FF,11:22:33:44:55:66,1567,1168,1252,4,0,OK
4575,2025-12-02 12:00:01,AA:BB:CC:DD:EE:FF,11:22:33:44:55:66,1761,1203,1200,4,0,OK
4574,2025-12-02 12:00:00,AA:BB:CC:DD:EE:FF,11:22:33:44:55:66,1637,1517,1155,4,0,OK
4573,2025-12-02 12:00:00,AA:BB:CC:DD:EE:FF,11:22:33:44:55:66,1581,1792,1211,4,0,OK
4572,2025-12-02 12:00:00,AA:BB:CC:DD:EE:FF,11:22:33:44:55:66,1615,1800,1341,4,0,OK
4571,2025-12-02 12:00:00,AA:BB:CC:DD:EE:FF,11:22:33:44:55:66,1435,1921,1480,4,0,OK
4570,2025-12-02 12:00:00,AA:BB:CC:DD:EE:FF,11:22:33:44:55:66,1400,1742,1637,4,0,OK
4569,2025-12-02 12:00:00,AA:BB:CC:DD:EE:FF,11:22:33:44:55:66,1397,1923,1605,4,0,OK
4568,2025-12-02 12:00:00,AA:BB:CC:DD:EE:FF,11:22:33:44:55:66,1534,1753,1475,4,0,OK
4567,2025-12-02 12:00:00,AA:BB:CC:DD:EE:FF,11:22:33:44:55:66,1480,1856,1299,4,0,OK
4566,2025-12-02 12:00:00,AA:BB:CC:DD:EE:FF,11:22:33:44:55:66,1552,1817,1207,4,0,OK
4565,2025-12-02 11:59:59,AA:BB:CC:DD:EE:FF,11:22:33:44:55:66,1360,2030,1344,4,0,OK
4564,2025-12-02 11:59:59,AA:BB:CC:DD:EE:FF,11:22:33:44:55:66,1612,1568,1233,4,0,OK
4563,2025-12-02 11:59:59,AA:BB:CC:DD:EE:FF,11:22:33:44:55:66,1612,1422,1305,4,0,OK
4562,2025-12-02 11:59:59,AA:BB:CC:DD:EE:FF,11:22:33:44:55:66,1731,1280,1469,4,0,OK
4561,2025-12-02 11:59:59,AA:BB:CC:DD:EE:FF,11:22:33:44:55:66,1790,1371,1517,4,0,OK
4560,2025-12-02 11:59:59,AA:BB:CC:DD:EE:FF,11:22:33:44:55:66,1665,1250,1538,4,0,OK
4559,2025-12-02 11:59:59,AA:BB:CC:DD:EE:FF,11:22:33:44:55:66,1796,1412,1531,4,0,OK
4558,2025-12-02 11:59:59,AA:BB:CC:DD:EE:FF,11:22:33:44:55:66,1900,1544,1502,4,0,OK
4557,2025-12-02 11:59:59,AA:BB:CC:DD:EE:FF,11:22:33:44:55:66,1712,1554,1396,4,0,OK
4556,2025-12-02 11:59:58,AA:BB:CC:DD:EE:FF,11:22:33:44:55:66,1578,1405,1237,4,0,OK
4555,2025-12-02 11:59:58,AA:BB:CC:DD:EE:FF,11:22:33:44:55:66,1606,1464,1154,4,0,OK
4554,2025-12-02 11:59:58,AA:BB:CC:DD:EE:FF,11:22:33:44:55:66,1412,1379,1136,4,0,OK
4553,2025-12-02 11:59:58,AA:BB:CC:DD:EE:FF,11:22:33:44:55:66,1381,1466,1206,4,0,OK
4552,2025-12-02 11:59:58,AA:BB:CC:DD:EE:FF,11:22:33:44:55:66,1375,1508,1224,4,0,OK
4551,2025-12-02 11:59:58,AA:BB:CC:DD:EE:FF,11:22:33:44:55:66,1359,1493,1231,4,0,OK
4550,2025-12-02 11:59:58,AA:BB:CC:DD:EE:FF,11:22:33:44:55:66,1319,1544,1208,4,0,OK
4549,2025-12-02 11:59:58,AA:BB:CC:DD:EE:FF,11:22:33:44:55:66,1408,1576,1237,4,0,OK
4548,2025-12-02 11:59:58,AA:BB:CC:DD:EE:FF,11:22:33:44:55:66,1448,1539,1200,4,0,OK
4547,2025-12-02 11:59:57,AA:BB:CC:DD:EE:FF,11:22:33:44:55:66,1553,1593,1139,4,0,OK
4546,2025-12-02 11:59:57,AA:BB:CC:DD:EE:FF,11:22:33:44:55:66,1585,1557,1250,4,0,OK
4545,2025-12-02 11:59:57,AA:BB:CC:DD:EE:FF,11:22:33:44:55:66,2869,2636,2634,4,0,OK
4544,2025-12-02 11:59:57,AA:BB:CC:DD:EE:FF,11:22:33:44:55:66,2843,2695,2699,4,0,OK
4543,2025-12-02 11:59:57,AA:BB:CC:DD:EE:FF,11:22:33:44:55:66,2809,2801,2794,4,0,OK
4542,2025-12-02 11:59:57,AA:BB:CC:DD:EE:FF,11:22:33:44:55:66,2676,2679,2610,4,0,OK
4541,2025-12-02 11:59:57,AA:BB:CC:DD:EE:FF,11:22:33:44:55:66,2570,2541,2481,4,0,OK
4540,2025-12-02 11:59:57,AA:BB:CC:DD:EE:FF,11:22:33:44:55:66,1577,1197,1667,4,0,OK
4539,2025-12-02 11:59:56,AA:BB:CC:DD:EE:FF,11:22:33:44:55:66,1626,1458,1736,4,0,OK
4538,2025-12-02 11:59:56,AA:BB:CC:DD:EE:FF,11:22:33:44:55:66,1632,1465,1777,4,0,OK
4537,2025-12-02 11:59:56,AA:BB:CC:DD:EE:FF,11:22:33:44:55:66,1673,1500,1727,4,0,OK
4536,2025-12-02 11:59:56,AA:BB:CC:DD:EE:FF,11:22:33:44:55:66,1532,1777,1546,4,0,OK
4535,2025-12-02 11:59:56,AA:BB:CC:DD:EE:FF,11:22:33:44:55:66,1720,1827,1541,4,0,OK
4534,2025-12-02 11:59:56,AA:BB:CC:DD:EE:FF,11:22:33:44:55:66,1697,1775,1478,4,0,OK
4533,2025-12-02 11:59:56,AA:BB:CC:DD:EE:FF,11:22:33:44:55:66,1696,1698,1458,4,0,OK
4532,2025-12-02 11:59:56,AA:BB:CC:DD:EE:FF,11:22:33:44:55:66,1679,1651,1478,4,0,OK
4531,2025-12-02 11:59:56,AA:BB:CC:DD:EE:FF,11:22:33:44:55:66,1728,1741,1519,4,0,OK
4530,2025-12-02 11:59:55,AA:BB:CC:DD:EE:FF,11:22:33:44:55:66,1678,1678,1570,4,0,OK
4529,2025-12-02 11:59:55,AA:BB:CC:DD:EE:FF,11:22:33:44:55:66,1611,1647,1609,4,0,OK
4528,2025-12-02 11:59:55,AA:BB:CC:DD:EE:FF,11:22:33:44:55:66,1639,1641,1705,4,0,OK
4527,2025-12-02 11:59:55,AA:BB:CC:DD:EE:FF,11:22:33:44:55:66,1751,1618,1701,4,0,OK
4526,2025-12-02 11:59:55,AA:BB:CC:DD:EE:FF,11:22:33:44:55:66,1760,1345,1675,4,0,OK
4525,2025-12-02 11:59:55,AA:BB:CC:DD:EE:FF,11:22:33:44:55:66,1628,1431,1728,4,0,OK
4524,2025-12-02 11:59:55,AA:BB:CC:DD:EE:FF,11:22:33:44:55:66,1763,1379,1681,4,0,OK
4523,2025-12-02 11:59:55,AA:BB:CC:DD:EE:FF,11:22:33:44:55:66,1471,1298,1566,4,0,OK
4522,2025-12-02 11:59:55,AA:BB:CC:DD:EE:FF,11:22:33:44:55:66,1732,1215,1497,4,0,OK
4521,2025-12-02 11:59:55,AA:BB:CC:DD:EE:FF,11:22:33:44:55:66,1698,1329,1519,4,0,OK
4520,2025-12-02 11:59:54,AA:BB:CC:DD:EE:FF,11:22:33:44:55:66,1556,1209,1531,4,0,OK
4519,2025-12-02 11:59:54,AA:BB:CC:DD:EE:FF,11:22:33:44:55:66,1408,1222,1518,4,0,OK
4518,2025-12-02 11:59:54,AA:BB:CC:DD:EE:FF,11:22:33:44:55:66,1328,1219,1487,4,0,OK
4517,2025-12-02 11:59:54,AA:BB:CC:DD:EE:FF,11:22:33:44:55:66,1250,1288,1476,4,0,OK
4516,2025-12-02 11:59:54,AA:BB:CC:DD:EE:FF,11:22:33:44:55:66,1228,1311,1458,4,0,OK
4515,2025-12-02 11:59:54,AA:BB:CC:DD:EE:FF,11:22:33:44:55:66,1187,1307,1441,4,0,OK
4514,2025-12-02 11:59:54,AA:BB:CC:DD:EE:FF,11:22:33:44:55:66,1183,1422,1479,4,0,OK
4513,2025-12-02 11:59:54,AA:BB:CC:DD:EE:FF,11:22:33:44:55:66,1151,1409,1500,4,0,OK
4512,2025-12-02 11:59:54,AA:BB:CC:DD:EE:FF,11:22:33:44:55:66,1390,1482,1539,4,0,OK
4511,2025-12-02 11:59:54,AA:BB:CC:DD:EE:FF,11:22:33:44:55:66,1137,1293,1486,4,0,OK
4510,2025-12-02 11:59:53,AA:BB:CC:DD:EE:FF,11:22:33:44:55:66,962,1405,1553,4,0,OK
4509,2025-12-02 11:59:53,AA:BB:CC:DD:EE:FF,11:22:33:44:55:66,1083,1357,1489,4,0,OK
4508,2025-12-02 11:59:53,AA:BB:CC:DD:EE:FF,11:22:33:44:55:66,1193,1374,1502,4,0,OK
4507,2025-12-02 11:59:53,AA:BB:CC:DD:EE:FF,11:22:33:44:55:66,1103,1421,1511,4,0,OK
4506,2025-12-02 11:59:53,AA:BB:CC:DD:EE:FF,11:22:33:44:55:66,1183,1543,1579,4,0,OK
4505,2025-12-02 11:59:53,AA:BB:CC:DD:EE:FF,11:22:33:44:55:66,1195,1495,1617,4,0,OK
4504,2025-12-02 11:59:53,AA:BB:CC:DD:EE:FF,11:22:33:44:55:66,1223,1559,1633,4,0,OK
4503,2025-12-02 11:59:53,AA:BB:CC:DD:EE:FF,11:22:33:44:55:66,1317,1708,1608,4,0,OK
4502,2025-12-02 11:59:53,AA:BB:CC:DD:EE:FF,11:22:33:44:55:66,1511,1736,1691,4,0,OK
4501,2025-12-02 11:59:52,AA:BB:CC:DD:EE:FF,11:22:33:44:55:66,1259,1718,1701,4,0,OK
4500,2025-12-02 11:59:52,AA:BB:CC:DD:EE:FF,11:22:33:44:55:66,1332,1648,1680,4,0,OK
4499,2025-12-02 11:59:52,AA:BB:CC:DD:EE:FF,11:22:33:44:55:66,1412,1625,1696,4,0,OK
4498,2025-12-02 11:59:52,AA:BB:CC:DD:EE:FF,11:22:33:44:55:66,1472,1775,1787,4,0,OK
4497,2025-12-02 11:59:52,AA:BB:CC:DD:EE:FF,11:22:33:44:55:66,1256,1598,1690,4,0,OK
4496,2025-12-02 11:59:52,AA:BB:CC:DD:EE:FF,11:22:33:44:55:66,1292,1447,1705,4,0,OK
4495,2025-12-02 11:59:52,AA:BB:CC:DD:EE:FF,11:22:33:44:55:66,1036,1715,1770,4,0,OK
4494,2025-12-02 11:59:52,AA:BB:CC:DD:EE:FF,11:22:33:44:55:66,1173,1346,1596,4,0,OK
4493,2025-12-02 11:59:52,AA:BB:CC:DD:EE:FF,11:22:33:44:55:66,1320,1371,1574,4,0,OK
4492,2025-12-02 11:59:52,AA:BB:CC:DD:EE:FF,11:22:33:44:55:66,1159,1423,1560,4,0,OK
4491,2025-12-02 11:59:51,AA:BB:CC:DD:EE:FF,11:22:33:44:55:66,1135,1424,1573,4,0,OK
4490,2025-12-02 11:59:51,AA:BB:CC:DD:EE:FF,11:22:33:44:55:66,1197,1471,1538,4,0,OK
4489,2025-12-02 11:59:51,AA:BB:CC:DD:EE:FF,11:22:33:44:55:66,1209,1511,1530,4,0,OK
4488,2025-12-02 11:59:51,AA:BB:CC:DD:EE:FF,11:22:33:44:55:66,1085,1496,1505,4,0,OK
4487,2025-12-02 11:59:51,AA:BB:CC:DD:EE:FF,11:22:33:44:55:66,1191,1553,1522,4,0,OK
4486,2025-12-02 11:59:51,AA:BB:CC:DD:EE:FF,11:22:33:44:55:66,1227,1549,1557,4,0,OK
4485,2025-12-02 11:59:51,AA:BB:CC:DD:EE:FF,11:22:33:44:55:66,1209,1529,1619,4,0,OK
4484,2025-12-02 11:59:51,AA:BB:CC:DD:EE:FF,11:22:33:44:55:66,2504,2561,2578,4,0,OK
4483,2025-12-02 11:59:51,AA:BB:CC:DD:EE:FF,11:22:33:44:55:66,1473,1591,1736,4,0,OK
4482,2025-12-02 11:59:50,AA:BB:CC:DD:EE:FF,11:22:33:44:55:66,1534,1578,1773,4,0,OK
4481,2025-12-02 11:59:50,AA:BB:CC:DD:EE:FF,11:22:33:44:55:66,1433,1485,1761,4,0,OK
4480,2025-12-02 11:59:50,AA:BB:CC:DD:EE:FF,11:22:33:44:55:66,1750,1673,1753,4,0,OK
4479,2025-12-02 11:59:50,AA:BB:CC:DD:EE:FF,11:22:33:44:55:66,1773,1636,1656,4,0,OK
4478,2025-12-02 11:59:50,AA:BB:CC:DD:EE:FF,11:22:33:44:55:66,1795,1627,1584,4,0,OK
4477,2025-12-02 11:59:50,AA:BB:CC:DD:EE:FF,11:22:33:44:55:66,2903,2602,2597,4,0,OK
4476,2025-12-02 11:59:50,AA:BB:CC:DD:EE:FF,11:22:33:44:55:66,2899,2599,2597,4,0,OK
4475,2025-12-02 11:59:50,AA:BB:CC:DD:EE:FF,11:22:33:44:55:66,2902,2594,2597,4,0,OK
4474,2025-12-02 11:59:50,AA:BB:CC:DD:EE:FF,11:22:33:44:55:66,2897,2597,2195,4,0,OK
4473,2025-12-02 11:59:50,AA:BB:CC:DD:EE:FF,11:22:33:44:55:66,2883,2609,1861,4,0,OK
4472,2025-12-02 11:59:49,AA:BB:CC:DD:EE:FF,11:22:33:44:55:66,2882,2641,2264,4,0,OK
4471,2025-12-02 11:59:49,AA:BB:CC:DD:EE:FF,11:22:33:44:55:66,2861,2702,2620,4,0,OK
4470,2025-12-02 11:59:49,AA:BB:CC:DD:EE:FF,11:22:33:44:55:66,2826,2815,2809,4,0,OK
4469,2025-12-02 11:59:49,AA:BB:CC:DD:EE:FF,11:22:33:44:55:66,2601,2574,2482,4,0,OK
4468,2025-12-02 11:59:49,AA:BB:CC:DD:EE:FF,11:22:33:44:55:66,1540,1571,1744,4,0,OK
4467,2025-12-02 11:59:49,AA:BB:CC:DD:EE:FF,11:22:33:44:55:66,1430,1569,1771,4,0,OK
4466,2025-12-02 11:59:49,AA:BB:CC:DD:EE:FF,11:22:33:44:55:66,2903,2617,2616,4,0,OK
4465,2025-12-02 11:59:49,AA:BB:CC:DD:EE:FF,11:22:33:44:55:66,2911,2624,2619,4,0,OK
4464,2025-12-02 11:59:49,AA:BB:CC:DD:EE:FF,11:22:33:44:55:66,2906,2627,2620,4,0,OK
4463,2025-12-02 11:59:49,AA:BB:CC:DD:EE:FF,11:22:33:44:55:66,2912,2615,2617,4,0,OK
4462,2025-12-02 11:59:48,AA:BB:CC:DD:EE:FF,11:22:33:44:55:66,2911,2614,2612,4,0,OK
4461,2025-12-02 11:59:48,AA:BB:CC:DD:EE:FF,11:22:33:44:55:66,2910,2612,2611,4,0,OK
4460,2025-12-02 11:59:48,AA:BB:CC:DD:EE:FF,11:22:33:44:55:66,2910,2607,2612,4,0,OK
4459,2025-12-02 11:59:48,AA:BB:CC:DD:EE:FF,11:22:33:44:55:66,2907,2604,2604,4,0,OK
4458,2025-12-02 11:59:48,AA:BB:CC:DD:EE:FF,11:22:33:44:55:66,2910,2600,2602,4,0,OK
4457,2025-12-02 11:59:48,AA:BB:CC:DD:EE:FF,11:22:33:44:55:66,2901,2598,2603,4,0,OK
4456,2025-12-02 11:59:48,AA:BB:CC:DD:EE:FF,11:22:33:44:55:66,2891,2590,2593,4,0,OK
4455,2025-12-02 11:59:48,AA:BB:CC:DD:EE:FF,11:22:33:44:55:66,2899,2592,2596,4,0,OK
4454,2025-12-02 11:59:48,AA:BB:CC:DD:EE:FF,11:22:33:44:55:66,2900,2591,2590,4,0,OK
4453,2025-12-02 11:59:48,AA:BB:CC:DD:EE:FF,11:22:33:44:55:66,2902,2598,2594,4,0,OK
4452,2025-12-02 11:59:47,AA:BB:CC:DD:EE:FF,11:22:33:44:55:66,2896,2605,2600,4,0,OK
4451,2025-12-02 11:59:47,AA:BB:CC:DD:EE:FF,11:22:33:44:55:66,2882,2620,2629,4,0,OK
4450,2025-12-02 11:59:47,AA:BB:CC:DD:EE:FF,11:22:33:44:55:66,2871,2655,2656,4,0,OK
4449,2025-12-02 11:59:47,AA:BB:CC:DD:EE:FF,11:22:33:44:55:66,2849,2727,2731,4,0,OK
4448,2025-12-02 11:59:47,AA:BB:CC:DD:EE:FF,11:22:33:44:55:66,2805,2836,2832,4,0,OK
4447,2025-12-02 11:59:47,AA:BB:CC:DD:EE:FF,11:22:33:44:55:66,2608,2601,2566,4,0,OK
4446,2025-12-02 11:59:47,AA:BB:CC:DD:EE:FF,11:22:33:44:55:66,1655,1683,1679,4,0,OK
4445,2025-12-02 11:59:47,AA:BB:CC:DD:EE:FF,11:22:33:44:55:66,1467,1762,1715,4,0,OK
4444,2025-12-02 11:59:47,AA:BB:CC:DD:EE:FF,11:22:33:44:55:66,1496,1659,1797,4,0,OK
4443,2025-12-02 11:59:47,AA:BB:CC:DD:EE:FF,11:22:33:44:55:66,1342,1769,1679,4,0,OK
4442,2025-12-02 11:59:46,AA:BB:CC:DD:EE:FF,11:22:33:44:55:66,1490,1515,1709,4,0,OK
4441,2025-12-02 11:59:46,AA:BB:CC:DD:EE:FF,11:22:33:44:55:66,1308,1475,1753,4,0,OK
4440,2025-12-02 11:59:46,AA:BB:CC:DD:EE:FF,11:22:33:44:55:66,1180,1574,1735,4,0,OK
4439,2025-12-02 11:59:46,AA:BB:CC:DD:EE:FF,11:22:33:44:55:66,1269,1550,1725,4,0,OK
4438,2025-12-02 11:59:46,AA:BB:CC:DD:EE:FF,11:22:33:44:55:66,1437,1627,1731,4,0,OK
4437,2025-12-02 11:59:46,AA:BB:CC:DD:EE:FF,11:22:33:44:55:66,1398,1581,1698,4,0,OK
4436,2025-12-02 11:59:46,AA:BB:CC:DD:EE:FF,11:22:33:44:55:66,1546,1531,1669,4,0,OK
4435,2025-12-02 11:59:46,AA:BB:CC:DD:EE:FF,11:22:33:44:55:66,1698,1756,1639,4,0,OK
4434,2025-12-02 11:59:46,AA:BB:CC:DD:EE:FF,11:22:33:44:55:66,1623,1733,1624,4,0,OK
4433,2025-12-02 11:59:46,AA:BB:CC:DD:EE:FF,11:22:33:44:55:66,1654,1714,1626,4,0,OK
4432,2025-12-02 11:59:45,AA:BB:CC:DD:EE:FF,11:22:33:44:55:66,1632,1677,1575,4,0,OK
4431,2025-12-02 11:59:45,AA:BB:CC:DD:EE:FF,11:22:33:44:55:66,1785,1625,1562,4,0,OK
4430,2025-12-02 11:59:45,AA:BB:CC:DD:EE:FF,11:22:33:44:55:66,1714,1659,1540,4,0,OK
4429,2025-12-02 11:59:45,AA:BB:CC:DD:EE:FF,11:22:33:44:55:66,1811,1781,1560,4,0,OK
4428,2025-12-02 11:59:45,AA:BB:CC:DD:EE:FF,11:22:33:44:55:66,1869,1547,1480,4,0,OK
4427,2025-12-02 11:59:45,AA:BB:CC:DD:EE:FF,11:22:33:44:55:66,2316,2097,2046,4,0,OK
4426,2025-12-02 11:59:45,AA:BB:CC:DD:EE:FF,11:22:33:44:55:66,2863,2645,2642,4,0,OK
4425,2025-12-02 11:59:45,AA:BB:CC:DD:EE:FF,11:22:33:44:55:66,2858,2726,2733,4,0,OK
4424,2025-12-02 11:59:45,AA:BB:CC:DD:EE:FF,11:22:33:44:55:66,2818,2833,2834,4,0,OK
4423,2025-12-02 11:59:44,AA:BB:CC:DD:EE:FF,11:22:33:44:55:66,2816,2566,2584,4,0,OK
4422,2025-12-02 11:59:44,AA:BB:CC:DD:EE:FF,11:22:33:44:55:66,1656,1245,1625,4,0,OK
4421,2025-12-02 11:59:44,AA:BB:CC:DD:EE:FF,11:22:33:44:55:66,1630,1387,1610,4,0,OK
4420,2025-12-02 11:59:44,AA:BB:CC:DD:EE:FF,11:22:33:44:55:66,1325,1440,1603,4,0,OK
4419,2025-12-02 11:59:44,AA:BB:CC:DD:EE:FF,11:22:33:44:55:66,1535,1524,1534,4,0,OK
4418,2025-12-02 11:59:44,AA:BB:CC:DD:EE:FF,11:22:33:44:55:66,1552,1295,1353,4,0,OK
4417,2025-12-02 11:59:44,AA:BB:CC:DD:EE:FF,11:22:33:44:55:66,1394,1275,1265,4,0,OK
4416,2025-12-02 11:59:43,AA:BB:CC:DD:EE:FF,11:22:33:44:55:66,1439,1112,1187,4,0,OK
4415,2025-12-02 11:59:43,AA:BB:CC:DD:EE:FF,11:22:33:44:55:66,1438,1244,1292,4,0,OK
4414,2025-12-02 11:59:43,AA:BB:CC:DD:EE:FF,11:22:33:44:55:66,1505,1368,1444,4,0,OK
4413,2025-12-02 11:59:43,AA:BB:CC:DD:EE:FF,11:22:33:44:55:66,1466,1091,1343,4,0,OK
4412,2025-12-02 11:59:43,AA:BB:CC:DD:EE:FF,11:22:33:44:55:66,1451,1110,1427,4,0,OK
4411,2025-12-02 11:59:43,AA:BB:CC:DD:EE:FF,11:22:33:44:55:66,1462,1167,1556,4,0,OK
4410,2025-12-02 11:59:43,AA:BB:CC:DD:EE:FF,11:22:33:44:55:66,1647,991,1579,4,0,OK
4409,2025-12-02 11:59:43,AA:BB:CC:DD:EE:FF,11:22:33:44:55:66,1604,1328,1776,4,0,OK
4408,2025-12-02 11:59:43,AA:BB:CC:DD:EE:FF,11:22:33:44:55:66,1350,2137,1814,4,0,OK
4407,2025-12-02 11:59:43,AA:BB:CC:DD:EE:FF,11:22:33:44:55:66,1662,1841,1692,4,0,OK
4406,2025-12-02 11:59:42,AA:BB:CC:DD:EE:FF,11:22:33:44:55:66,1613,1903,1625,4,0,OK
4405,2025-12-02 11:59:42,AA:BB:CC:DD:EE:FF,11:22:33:44:55:66,1585,1763,1567,4,0,OK
4404,2025-12-02 11:59:42,AA:BB:CC:DD:EE:FF,11:22:33:44:55:66,1578,1669,1589,4,0,OK
4403,2025-12-02 11:59:42,AA:BB:CC:DD:EE:FF,11:22:33:44:55:66,1568,1692,1697,4,0,OK
4402,2025-12-02 11:59:42,AA:BB:CC:DD:EE:FF,11:22:33:44:55:66,1585,1834,1727,4,0,OK
4401,2025-12-02 11:59:42,AA:BB:CC:DD:EE:FF,11:22:33:44:55:66,1586,1787,1788,4,0,OK
4400,2025-12-02 11:59:42,AA:BB:CC:DD:EE:FF,11:22:33:44:55:66,1531,1637,1791,4,0,OK
4399,2025-12-02 11:59:42,AA:BB:CC:DD:EE:FF,11:22:33:44:55:66,1647,1245,1751,4,0,OK
4398,2025-12-02 11:59:41,AA:BB:CC:DD:EE:FF,11:22:33:44:55:66,1560,1272,1720,4,0,OK
4397,2025-12-02 11:59:41,AA:BB:CC:DD:EE:FF,11:22:33:44:55:66,1580,1338,1733,4,0,OK
4396,2025-12-02 11:59:41,AA:BB:CC:DD:EE:FF,11:22:33:44:55:66,1569,1287,1727,3,0,OK
4395,2025-12-02 11:59:41,AA:BB:CC:DD:EE:FF,11:22:33:44:55:66,1550,1254,1690,3,0,OK
4394,2025-12-02 11:59:41,AA:BB:CC:DD:EE:FF,11:22:33:44:55:66,1522,1230,1657,3,0,OK
4393,2025-12-02 11:59:41,AA:BB:CC:DD:EE:FF,11:22:33:44:55:66,1486,1248,1665,3,0,OK
4392,2025-12-02 11:59:41,AA:BB:CC:DD:EE:FF,11:22:33:44:55:66,1521,1272,1682,3,0,OK
4391,2025-12-02 11:59:41,AA:BB:CC:DD:EE:FF,11:22:33:44:55:66,1531,1261,1683,3,0,OK
4390,2025-12-02 11:59:40,AA:BB:CC:DD:EE:FF,11:22:33:44:55:66,1514,1261,1742,3,0,OK
4389,2025-12-02 11:59:40,AA:BB:CC:DD:EE:FF,11:22:33:44:55:66,1543,1264,1743,3,0,OK
4388,2025-12-02 11:59:40,AA:BB:CC:DD:EE:FF,11:22:33:44:55:66,1549,1373,1760,3,0,OK
4387,2025-12-02 11:59:40,AA:BB:CC:DD:EE:FF,11:22:33:44:55:66,1529,1496,1778,3,0,OK
4386,2025-12-02 11:59:40,AA:BB:CC:DD:EE:FF,11:22:33:44:55:66,1538,1583,1818,3,0,OK
4385,2025-12-02 11:59:40,AA:BB:CC:DD:EE:FF,11:22:33:44:55:66,1527,1714,1848,3,0,OK
4384,2025-12-02 11:59:40,AA:BB:CC:DD:EE:FF,11:22:33:44:55:66,1538,1641,1744,3,0,OK
4383,2025-12-02 11:59:39,AA:BB:CC:DD:EE:FF,11:22:33:44:55:66,1560,1683,1730,3,0,OK
4382,2025-12-02 11:59:39,AA:BB:CC:DD:EE:FF,11:22:33:44:55:66,1551,1792,1757,3,0,OK
4381,2025-12-02 11:59:39,AA:BB:CC:DD:EE:FF,11:22:33:44:55:66,1582,1615,1763,3,0,OK
4380,2025-12-02 11:59:39,AA:BB:CC:DD:EE:FF,11:22:33:44:55:66,1547,1611,1770,3,0,OK
4379,2025-12-02 11:59:39,AA:BB:CC:DD:EE:FF,11:22:33:44:55:66,1539,1563,1784,3,0,OK
4378,2025-12-02 11:59:39,AA:BB:CC:DD:EE:FF,11:22:33:44:55:66,1535,1299,1758,3,0,OK
4377,2025-12-02 11:59:39,AA:BB:CC:DD:EE:FF,11:22:33:44:55:66,1475,1364,1741,3,0,OK
4376,2025-12-02 11:59:38,AA:BB:CC:DD:EE:FF,11:22:33:44:55:66,1507,1290,1718,3,0,OK
4375,2025-12-02 11:59:38,AA:BB:CC:DD:EE:FF,11:22:33:44:55:66,1525,1290,1676,3,0,OK
4374,2025-12-02 11:59:38,AA:BB:CC:DD:EE:FF,11:22:33:44:55:66,1557,1248,1646,3,0,OK
4373,2025-12-02 11:59:38,AA:BB:CC:DD:EE:FF,11:22:33:44:55:66,1555,1159,1604,3,0,OK
4372,2025-12-02 11:59:38,AA:BB:CC:DD:EE:FF,11:22:33:44:55:66,1525,1235,1598,3,0,OK
4371,2025-12-02 11:59:38,AA:BB:CC:DD:EE:FF,11:22:33:44:55:66,1565,1192,1620,3,0,OK
4370,2025-12-02 11:59:38,AA:BB:CC:DD:EE:FF,11:22:33:44:55:66,1511,1306,1676,3,0,OK
4369,2025-12-02 11:59:38,AA:BB:CC:DD:EE:FF,11:22:33:44:55:66,1518,1358,1722,3,0,OK
4368,2025-12-02 11:59:38,AA:BB:CC:DD:EE:FF,11:22:33:44:55:66,1451,1184,1709,3,0,OK
4367,2025-12-02 11:59:38,AA:BB:CC:DD:EE:FF,11:22:33:44:55:66,1569,1264,1705,3,0,OK
4366,2025-12-02 11:59:37,AA:BB:CC:DD:EE:FF,11:22:33:44:55:66,1563,1310,1707,3,0,OK
4365,2025-12-02 11:59:37,AA:BB:CC:DD:EE:FF,11:22:33:44:55:66,1528,1282,1722,3,0,OK
4364,2025-12-02 11:59:37,AA:BB:CC:DD:EE:FF,11:22:33:44:55:66,1531,1387,1760,3,0,OK
4363,2025-12-02 11:59:37,AA:BB:CC:DD:EE:FF,11:22:33:44:55:66,1430,1474,1777,3,0,OK
4362,2025-12-02 11:59:37,AA:BB:CC:DD:EE:FF,11:22:33:44:55:66,1446,1571,1701,3,0,OK
4361,2025-12-02 11:59:37,AA:BB:CC:DD:EE:FF,11:22:33:44:55:66,1585,1756,1788,3,0,OK
4360,2025-12-02 11:59:37,AA:BB:CC:DD:EE:FF,11:22:33:44:55:66,1611,1723,1736,3,0,OK
4359,2025-12-02 11:59:37,AA:BB:CC:DD:EE:FF,11:22:33:44:55:66,1555,1741,1705,3,0,OK
4358,2025-12-02 11:59:37,AA:BB:CC:DD:EE:FF,11:22:33:44:55:66,1524,1747,1710,3,0,OK
4357,2025-12-02 11:59:36,AA:BB:CC:DD:EE:FF,11:22:33:44:55:66,1567,1873,1609,3,0,OK
4356,2025-12-02 11:59:36,AA:BB:CC:DD:EE:FF,11:22:33:44:55:66,1597,1819,1550,3,0,OK
4355,2025-12-02 11:59:36,AA:BB:CC:DD:EE:FF,11:22:33:44:55:66,1581,1830,1552,3,0,OK
4354,2025-12-02 11:59:36,AA:BB:CC:DD:EE:FF,11:22:33:44:55:66,1622,1848,1581,3,0,OK
4353,2025-12-02 11:59:36,AA:BB:CC:DD:EE:FF,11:22:33:44:55:66,1531,1742,1596,3,0,OK
4352,2025-12-02 11:59:36,AA:BB:CC:DD:EE:FF,11:22:33:44:55:66,1516,1787,1671,3,0,OK
4351,2025-12-02 11:59:36,AA:BB:CC:DD:EE:FF,11:22:33:44:55:66,1448,1662,1749,3,0,OK
4350,2025-12-02 11:59:36,AA:BB:CC:DD:EE:FF,11:22:33:44:55:66,1447,1669,1746,3,0,OK
4349,2025-12-02 11:59:36,AA:BB:CC:DD:EE:FF,11:22:33:44:55:66,1142,1447,1737,3,0,OK
4348,2025-12-02 11:59:36,AA:BB:CC:DD:EE:FF,11:22:33:44:55:66,1452,1621,1797,3,0,OK
4347,2025-12-02 11:59:35,AA:BB:CC:DD:EE:FF,11:22:33:44:55:66,1436,1581,1800,3,0,OK
4346,2025-12-02 11:59:35,AA:BB:CC:DD:EE:FF,11:22:33:44:55:66,1503,1616,1814,3,0,OK
4345,2025-12-02 11:59:35,AA:BB:CC:DD:EE:FF,11:22:33:44:55:66,1521,1601,1803,3,0,OK
4344,2025-12-02 11:59:35,AA:BB:CC:DD:EE:FF,11:22:33:44:55:66,1554,1587,1779,3,0,OK
4343,2025-12-02 11:59:35,AA:BB:CC:DD:EE:FF,11:22:33:44:55:66,1596,1581,1784,3,0,OK
4342,2025-12-02 11:59:35,AA:BB:CC:DD:EE:FF,11:22:33:44:55:66,1570,1611,1748,3,0,OK
4341,2025-12-02 11:59:35,AA:BB:CC:DD:EE:FF,11:22:33:44:55:66,1637,1626,1750,3,0,OK
4340,2025-12-02 11:59:35,AA:BB:CC:DD:EE:FF,11:22:33:44:55:66,1662,1601,1731,3,0,OK
4339,2025-12-02 11:59:35,AA:BB:CC:DD:EE:FF,11:22:33:44:55:66,1693,1614,1714,3,0,OK
4338,2025-12-02 11:59:35,AA:BB:CC:DD:EE:FF,11:22:33:44:55:66,1677,1607,1701,3,0,OK
4337,2025-12-02 11:59:34,AA:BB:CC:DD:EE:FF,11:22:33:44:55:66,1710,1600,1712,3,0,OK
4336,2025-12-02 11:59:34,AA:BB:CC:DD:EE:FF,11:22:33:44:55:66,1685,1589,1700,3,0,OK
4335,2025-12-02 11:59:34,AA:BB:CC:DD:EE:FF,11:22:33:44:55:66,1700,1594,1665,3,0,OK
4334,2025-12-02 11:59:34,AA:BB:CC:DD:EE:FF,11:22:33:44:55:66,1750,1588,1665,3,0,OK
4333,2025-12-02 11:59:34,AA:BB:CC:DD:EE:FF,11:22:33:44:55:66,1726,1588,1669,3,0,OK
4332,2025-12-02 11:59:34,AA:BB:CC:DD:EE:FF,11:22:33:44:55:66,1751,1591,1690,3,0,OK
4331,2025-12-02 11:59:34,AA:BB:CC:DD:EE:FF,11:22:33:44:55:66,1753,1623,1710,3,0,OK
4330,2025-12-02 11:59:34,AA:BB:CC:DD:EE:FF,11:22:33:44:55:66,1757,1638,1722,3,0,OK
4329,2025-12-02 11:59:34,AA:BB:CC:DD:EE:FF,11:22:33:44:55:66,1621,1550,1792,3,0,OK
4328,2025-12-02 11:59:33,AA:BB:CC:DD:EE:FF,11:22:33:44:55:66,1540,1482,1797,3,0,OK
4327,2025-12-02 11:59:33,AA:BB:CC:DD:EE:FF,11:22:33:44:55:66,2707,2554,2728,3,0,OK
4326,2025-12-02 11:59:33,AA:BB:CC:DD:EE:FF,11:22:33:44:55:66,2838,2690,2691,3,0,OK
4325,2025-12-02 11:59:33,AA:BB:CC:DD:EE:FF,11:22:33:44:55:66,2808,2776,2781,3,0,OK
4324,2025-12-02 11:59:33,AA:BB:CC:DD:EE:FF,11:22:33:44:55:66,2729,2799,2796,3,0,OK
4323,2025-12-02 11:59:33,AA:BB:CC:DD:EE:FF,11:22:33:44:55:66,1341,1233,1630,3,0,OK
4322,2025-12-02 11:59:33,AA:BB:CC:DD:EE:FF,11:22:33:44:55:66,1350,1252,1640,3,0,OK
4321,2025-12-02 11:59:33,AA:BB:CC:DD:EE:FF,11:22:33:44:55:66,1365,1233,1642,3,0,OK
4320,2025-12-02 11:59:33,AA:BB:CC:DD:EE:FF,11:22:33:44:55:66,1339,1256,1683,3,0,OK
4319,2025-12-02 11:59:33,AA:BB:CC:DD:EE:FF,11:22:33:44:55:66,1376,1291,1718,3,0,OK
4318,2025-12-02 11:59:32,AA:BB:CC:DD:EE:FF,11:22:33:44:55:66,1379,1429,1771,3,0,OK
4317,2025-12-02 11:59:32,AA:BB:CC:DD:EE:FF,11:22:33:44:55:66,1456,1511,1782,3,0,OK
4316,2025-12-02 11:59:32,AA:BB:CC:DD:EE:FF,11:22:33:44:55:66,1502,1551,1794,3,0,OK
4315,2025-12-02 11:59:32,AA:BB:CC:DD:EE:FF,11:22:33:44:55:66,1560,1565,1800,3,0,OK
4314,2025-12-02 11:59:32,AA:BB:CC:DD:EE:FF,11:22:33:44:55:66,1574,1551,1800,3,0,OK
4313,2025-12-02 11:59:32,AA:BB:CC:DD:EE:FF,11:22:33:44:55:66,1585,1571,1772,3,0,OK
4312,2025-12-02 11:59:32,AA:BB:CC:DD:EE:FF,11:22:33:44:55:66,1638,1568,1820,3,0,OK
4311,2025-12-02 11:59:32,AA:BB:CC:DD:EE:FF,11:22:33:44:55:66,1648,1492,1735,3,0,OK
4310,2025-12-02 11:59:32,AA:BB:CC:DD:EE:FF,11:22:33:44:55:66,1614,1481,1772,3,0,OK
4309,2025-12-02 11:59:32,AA:BB:CC:DD:EE:FF,11:22:33:44:55:66,1629,1475,1789,3,0,OK
4308,2025-12-02 11:59:31,AA:BB:CC:DD:EE:FF,11:22:33:44:55:66,1614,1463,1785,3,0,OK
4307,2025-12-02 11:59:31,AA:BB:CC:DD:EE:FF,11:22:33:44:55:66,1610,1468,1777,3,0,OK
4306,2025-12-02 11:59:31,AA:BB:CC:DD:EE:FF,11:22:33:44:55:66,1606,1482,1775,3,0,OK
4305,2025-12-02 11:59:31,AA:BB:CC:DD:EE:FF,11:22:33:44:55:66,1617,1472,1774,2,0,OK
4304,2025-12-02 11:59:31,AA:BB:CC:DD:EE:FF,11:22:33:44:55:66,1608,1473,1774,2,0,OK
4303,2025-12-02 11:59:31,AA:BB:CC:DD:EE:FF,11:22:33:44:55:66,1612,1469,1778,2,0,OK
4302,2025-12-02 11:59:31,AA:BB:CC:DD:EE:FF,11:22:33:44:55:66,1616,1465,1777,2,0,OK
4301,2025-12-02 11:59:31,AA:BB:CC:DD:EE:FF,11:22:33:44:55:66,1610,1462,1767,2,0,OK
4300,2025-12-02 11:59:31,AA:BB:CC:DD:EE:FF,11:22:33:44:55:66,1625,1458,1770,2,0,OK
4299,2025-12-02 11:59:30,AA:BB:CC:DD:EE:FF,11:22:33:44:55:66,1626,1472,1769,2,0,OK
4298,2025-12-02 11:59:30,AA:BB:CC:DD:EE:FF,11:22:33:44:55:66,1687,1416,1757,2,0,OK
4297,2025-12-02 11:59:30,AA:BB:CC:DD:EE:FF,11:22:33:44:55:66,1592,1451,1768,2,0,OK
4296,2025-12-02 11:59:30,AA:BB:CC:DD:EE:FF,11:22:33:44:55:66,1624,1425,1750,2,0,OK
4295,2025-12-02 11:59:30,AA:BB:CC:DD:EE:FF,11:22:33:44:55:66,1657,1429,1740,2,0,OK
4294,2025-12-02 11:59:30,AA:BB:CC:DD:EE:FF,11:22:33:44:55:66,1753,1420,1585,2,0,OK
4293,2025-12-02 11:59:30,AA:BB:CC:DD:EE:FF,11:22:33:44:55:66,1645,1421,1743,2,0,OK
4292,2025-12-02 11:59:30,AA:BB:CC:DD:EE:FF,11:22:33:44:55:66,1640,1440,1743,2,0,OK
4291,2025-12-02 11:59:30,AA:BB:CC:DD:EE:FF,11:22:33:44:55:66,1594,1451,1735,2,0,OK
4290,2025-12-02 11:59:30,AA:BB:CC:DD:EE:FF,11:22:33:44:55:66,1602,1486,1783,2,0,OK
4289,2025-12-02 11:59:29,AA:BB:CC:DD:EE:FF,11:22:33:44:55:66,1612,1443,1772,2,0,OK
4288,2025-12-02 11:59:29,AA:BB:CC:DD:EE:FF,11:22:33:44:55:66,1626,1463,1757,2,0,OK
4287,2025-12-02 11:59:29,AA:BB:CC:DD:EE:FF,11:22:33:44:55:66,1632,1435,1774,2,0,OK
4286,2025-12-02 11:59:29,AA:BB:CC:DD:EE:FF,11:22:33:44:55:66,1610,1436,1788,2,0,OK
4285,2025-12-02 11:59:29,AA:BB:CC:DD:EE:FF,11:22:33:44:55:66,1609,1464,1757,2,0,OK
4284,2025-12-02 11:59:29,AA:BB:CC:DD:EE:FF,11:22:33:44:55:66,1629,1429,1756,2,0,OK
4283,2025-12-02 11:59:29,AA:BB:CC:DD:EE:FF,11:22:33:44:55:66,1670,1423,1729,2,0,OK
4282,2025-12-02 11:59:29,AA:BB:CC:DD:EE:FF,11:22:33:44:55:66,1937,1436,1760,2,0,OK
4281,2025-12-02 11:59:29,AA:BB:CC:DD:EE:FF,11:22:33:44:55:66,1687,1390,1705,2,0,OK
4280,2025-12-02 11:59:28,AA:BB:CC:DD:EE:FF,11:22:33:44:55:66,1696,1418,1729,2,0,OK
4279,2025-12-02 11:59:28,AA:BB:CC:DD:EE:FF,11:22:33:44:55:66,1660,1494,1749,2,0,OK
4278,2025-12-02 11:59:28,AA:BB:CC:DD:EE:FF,11:22:33:44:55:66,1621,1454,1771,2,0,OK
4277,2025-12-02 11:59:28,AA:BB:CC:DD:EE:FF,11:22:33:44:55:66,1606,1400,1781,2,0,OK
4276,2025-12-02 11:59:28,AA:BB:CC:DD:EE:FF,11:22:33:44:55:66,1610,1415,1784,2,0,OK
4275,2025-12-02 11:59:28,AA:BB:CC:DD:EE:FF,11:22:33:44:55:66,1546,1478,1790,2,0,OK
4274,2025-12-02 11:59:28,AA:BB:CC:DD:EE:FF,11:22:33:44:55:66,1574,1420,1785,2,0,OK
4273,2025-12-02 11:59:28,AA:BB:CC:DD:EE:FF,11:22:33:44:55:66,1570,1437,1781,2,0,OK
4272,2025-12-02 11:59:28,AA:BB:CC:DD:EE:FF,11:22:33:44:55:66,1609,1370,1740,2,0,OK
4271,2025-12-02 11:59:28,AA:BB:CC:DD:EE:FF,11:22:33:44:55:66,1596,1340,1687,2,0,OK
4270,2025-12-02 11:59:27,AA:BB:CC:DD:EE:FF,11:22:33:44:55:66,1687,1270,1683,2,0,OK
4269,2025-12-02 11:59:27,AA:BB:CC:DD:EE:FF,11:22:33:44:55:66,1583,1340,1740,2,0,OK
4268,2025-12-02 11:59:27,AA:BB:CC:DD:EE:FF,11:22:33:44:55:66,1036,1263,1747,2,0,OK
4267,2025-12-02 11:59:27,AA:BB:CC:DD:EE:FF,11:22:33:44:55:66,1531,1328,1726,2,0,OK
4266,2025-12-02 11:59:27,AA:BB:CC:DD:EE:FF,11:22:33:44:55:66,1494,1362,1785,2,0,OK
4265,2025-12-02 11:59:27,AA:BB:CC:DD:EE:FF,11:22:33:44:55:66,1488,1299,1739,2,0,OK
4264,2025-12-02 11:59:27,AA:BB:CC:DD:EE:FF,11:22:33:44:55:66,1512,1341,1781,2,0,OK
4263,2025-12-02 11:59:27,AA:BB:CC:DD:EE:FF,11:22:33:44:55:66,1502,1349,1765,2,0,OK
4262,2025-12-02 11:59:27,AA:BB:CC:DD:EE:FF,11:22:33:44:55:66,1504,1350,1770,2,0,OK
4261,2025-12-02 11:59:27,AA:BB:CC:DD:EE:FF,11:22:33:44:55:66,1507,1344,1773,2,0,OK
4260,2025-12-02 11:59:26,AA:BB:CC:DD:EE:FF,11:22:33:44:55:66,1515,1352,1778,2,0,OK
4259,2025-12-02 11:59:26,AA:BB:CC:DD:EE:FF,11:22:33:44:55:66,1508,1356,1767,2,0,OK
4258,2025-12-02 11:59:26,AA:BB:CC:DD:EE:FF,11:22:33:44:55:66,1512,1338,1763,2,0,OK
4257,2025-12-02 11:59:26,AA:BB:CC:DD:EE:FF,11:22:33:44:55:66,1508,1352,1773,2,0,OK
4256,2025-12-02 11:59:26,AA:BB:CC:DD:EE:FF,11:22:33:44:55:66,1510,1356,1777,2,0,OK
4255,2025-12-02 11:59:26,AA:BB:CC:DD:EE:FF,11:22:33:44:55:66,1509,1364,1766,2,0,OK
4254,2025-12-02 11:59:26,AA:BB:CC:DD:EE:FF,11:22:33:44:55:66,1509,1355,1770,2,0,OK
4253,2025-12-02 11:59:26,AA:BB:CC:DD:EE:FF,11:22:33:44:55:66,1511,1347,1772,2,0,OK
4252,2025-12-02 11:59:26,AA:BB:CC:DD:EE:FF,11:22:33:44:55:66,1506,1350,1770,2,0,OK
4251,2025-12-02 11:59:25,AA:BB:CC:DD:EE:FF,11:22:33:44:55:66,1513,1364,1771,2,0,OK
4250,2025-12-02 11:59:25,AA:BB:CC:DD:EE:FF,11:22:33:44:55:66,1507,1356,1771,2,0,OK
4249,2025-12-02 11:59:25,AA:BB:CC:DD:EE:FF,11:22:33:44:55:66,1508,1359,1773,2,0,OK
4248,2025-12-02 11:59:25,AA:BB:CC:DD:EE:FF,11:22:33:44:55:66,1514,1369,1782,2,0,OK
4247,2025-12-02 11:59:25,AA:BB:CC:DD:EE:FF,11:22:33:44:55:66,1510,1373,1775,2,0,OK
4246,2025-12-02 11:59:25,AA:BB:CC:DD:EE:FF,11:22:33:44:55:66,1513,1357,1771,2,0,OK
4245,2025-12-02 11:59:25,AA:BB:CC:DD:EE:FF,11:22:33:44:55:66,1509,1370,1778,2,0,OK
4244,2025-12-02 11:59:25,AA:BB:CC:DD:EE:FF,11:22:33:44:55:66,1505,1365,1773,1,0,OK
4243,2025-12-02 11:59:25,AA:BB:CC:DD:EE:FF,11:22:33:44:55:66,1504,1367,1768,1,0,OK
4242,2025-12-02 11:59:24,AA:BB:CC:DD:EE:FF,11:22:33:44:55:66,1502,1362,1773,1,0,OK
4241,2025-12-02 11:59:24,AA:BB:CC:DD:EE:FF,11:22:33:44:55:66,1502,1357,1777,1,0,OK
4240,2025-12-02 11:59:24,AA:BB:CC:DD:EE:FF,11:22:33:44:55:66,1504,1363,1765,1,0,OK
4239,2025-12-02 11:59:24,AA:BB:CC:DD:EE:FF,11:22:33:44:55:66,1510,1357,1771,1,0,OK
4238,2025-12-02 11:59:24,AA:BB:CC:DD:EE:FF,11:22:33:44:55:66,1505,1362,1778,1,0,OK
4237,2025-12-02 11:59:24,AA:BB:CC:DD:EE:FF,11:22:33:44:55:66,1504,1362,1772,1,0,OK
4236,2025-12-02 11:59:24,AA:BB:CC:DD:EE:FF,11:22:33:44:55:66,1503,1363,1780,1,0,OK
4235,2025-12-02 11:59:24,AA:BB:CC:DD:EE:FF,11:22:33:44:55:66,1511,1364,1785,1,0,OK
4234,2025-12-02 11:59:24,AA:BB:CC:DD:EE:FF,11:22:33:44:55:66,1507,1350,1773,1,0,OK
4233,2025-12-02 11:59:24,AA:BB:CC:DD:EE:FF,11:22:33:44:55:66,1509,1371,1778,1,0,OK
4232,2025-12-02 11:59:23,AA:BB:CC:DD:EE:FF,11:22:33:44:55:66,1502,1370,1772,1,0,OK
4231,2025-12-02 11:59:23,AA:BB:CC:DD:EE:FF,11:22:33:44:55:66,1502,1368,1778,1,0,OK
4230,2025-12-02 11:59:23,AA:BB:CC:DD:EE:FF,11:22:33:44:55:66,1499,1358,1782,1,0,OK
4229,2025-12-02 11:59:23,AA:BB:CC:DD:EE:FF,11:22:33:44:55:66,1496,1365,1774,1,0,OK
4228,2025-12-02 11:59:23,AA:BB:CC:DD:EE:FF,11:22:33:44:55:66,1502,1367,1771,1,0,OK
4227,2025-12-02 11:59:23,AA:BB:CC:DD:EE:FF,11:22:33:44:55:66,1490,1359,1772,1,0,OK
4226,2025-12-02 11:59:23,AA:BB:CC:DD:EE:FF,11:22:33:44:55:66,1494,1357,1768,1,0,OK
4225,2025-12-02 11:59:23,AA:BB:CC:DD:EE:FF,11:22:33:44:55:66,1498,1363,1778,1,0,OK
4224,2025-12-02 11:59:23,AA:BB:CC:DD:EE:FF,11:22:33:44:55:66,1489,1371,1775,1,0,OK
4223,2025-12-02 11:59:22,AA:BB:CC:DD:EE:FF,11:22:33:44:55:66,1494,1373,1777,1,0,OK
4222,2025-12-02 11:59:22,AA:BB:CC:DD:EE:FF,11:22:33:44:55:66,1501,1368,1786,1,0,OK
4221,2025-12-02 11:59:22,AA:BB:CC:DD:EE:FF,11:22:33:44:55:66,1495,1363,1773,1,0,OK
4220,2025-12-02 11:59:22,AA:BB:CC:DD:EE:FF,11:22:33:44:55:66,1495,1359,1774,1,0,OK
4219,2025-12-02 11:59:22,AA:BB:CC:DD:EE:FF,11:22:33:44:55:66,1489,1358,1773,1,0,OK
4218,2025-12-02 11:59:22,AA:BB:CC:DD:EE:FF,11:22:33:44:55:66,1495,1368,1779,1,0,OK
4217,2025-12-02 11:59:22,AA:BB:CC:DD:EE:FF,11:22:33:44:55:66,1483,1355,1768,1,0,OK
4216,2025-12-02 11:59:22,AA:BB:CC:DD:EE:FF,11:22:33:44:55:66,1496,1378,1780,1,0,OK
4215,2025-12-02 11:59:22,AA:BB:CC:DD:EE:FF,11:22:33:44:55:66,1492,1352,1766,1,0,OK
4214,2025-12-02 11:59:21,AA:BB:CC:DD:EE:FF,11:22:33:44:55:66,1484,1349,1773,1,0,OK
4213,2025-12-02 11:59:21,AA:BB:CC:DD:EE:FF,11:22:33:44:55:66,1480,1357,1769,1,0,OK
4212,2025-12-02 11:59:21,AA:BB:CC:DD:EE:FF,11:22:33:44:55:66,1502,1354,1777,1,0,OK
4211,2025-12-02 11:59:21,AA:BB:CC:DD:EE:FF,11:22:33:44:55:66,1495,1358,1759,1,0,OK
4210,2025-12-02 11:59:21,AA:BB:CC:DD:EE:FF,11:22:33:44:55:66,1493,1418,1752,1,0,OK
4209,2025-12-02 11:59:21,AA:BB:CC:DD:EE:FF,11:22:33:44:55:66,1567,1380,1779,1,0,OK
4208,2025-12-02 11:59:21,AA:BB:CC:DD:EE:FF,11:22:33:44:55:66,1564,1403,1778,1,0,OK
4207,2025-12-02 11:59:21,AA:BB:CC:DD:EE:FF,11:22:33:44:55:66,1567,1420,1781,1,0,OK
4206,2025-12-02 11:59:21,AA:BB:CC:DD:EE:FF,11:22:33:44:55:66,1564,1371,1772,1,0,OK
4205,2025-12-02 11:59:21,AA:BB:CC:DD:EE:FF,11:22:33:44:55:66,1567,1405,1773,1,0,OK
4204,2025-12-02 11:59:20,AA:BB:CC:DD:EE:FF,11:22:33:44:55:66,1606,1411,1789,1,0,OK
4203,2025-12-02 11:59:20,AA:BB:CC:DD:EE:FF,11:22:33:44:55:66,1582,1450,1805,1,0,OK
4202,2025-12-02 11:59:20,AA:BB:CC:DD:EE:FF,11:22:33:44:55:66,1605,1451,1777,1,0,OK
4201,2025-12-02 11:59:20,AA:BB:CC:DD:EE:FF,11:22:33:44:55:66,1608,1447,1749,1,0,OK
4200,2025-12-02 11:59:20,AA:BB:CC:DD:EE:FF,11:22:33:44:55:66,1683,1458,1749,1,0,OK
4199,2025-12-02 11:59:20,AA:BB:CC:DD:EE:FF,11:22:33:44:55:66,1710,1469,1727,1,0,OK
4198,2025-12-02 11:59:20,AA:BB:CC:DD:EE:FF,11:22:33:44:55:66,1704,1473,1716,1,0,OK
4197,2025-12-02 11:59:20,AA:BB:CC:DD:EE:FF,11:22:33:44:55:66,1711,1466,1711,1,0,OK
4196,2025-12-02 11:59:20,AA:BB:CC:DD:EE:FF,11:22:33:44:55:66,1719,1468,1712,1,0,OK
4195,2025-12-02 11:59:19,AA:BB:CC:DD:EE:FF,11:22:33:44:55:66,1800,1411,1712,1,0,OK
4194,2025-12-02 11:59:19,AA:BB:CC:DD:EE:FF,11:22:33:44:55:66,1658,1422,1730,1,0,OK
4193,2025-12-02 11:59:19,AA:BB:CC:DD:EE:FF,11:22:33:44:55:66,1586,1403,1741,1,0,OK
4192,2025-12-02 11:59:19,AA:BB:CC:DD:EE:FF,11:22:33:44:55:66,1500,1306,1726,1,0,OK
4191,2025-12-02 11:59:19,AA:BB:CC:DD:EE:FF,11:22:33:44:55:66,1471,1250,1706,1,0,OK
4190,2025-12-02 11:59:19,AA:BB:CC:DD:EE:FF,11:22:33:44:55:66,1457,1251,1695,1,0,OK
4189,2025-12-02 11:59:19,AA:BB:CC:DD:EE:FF,11:22:33:44:55:66,1453,1231,1676,1,0,OK
4188,2025-12-02 11:59:19,AA:BB:CC:DD:EE:FF,11:22:33:44:55:66,1480,1286,1708,1,0,OK
4187,2025-12-02 11:59:19,AA:BB:CC:DD:EE:FF,11:22:33:44:55:66,1486,1278,1700,1,0,OK
4186,2025-12-02 11:59:19,AA:BB:CC:DD:EE:FF,11:22:33:44:55:66,1510,1247,1720,1,0,OK
4185,2025-12-02 11:59:18,AA:BB:CC:DD:EE:FF,11:22:33:44:55:66,1524,1289,1724,1,0,OK
4184,2025-12-02 11:59:18,AA:BB:CC:DD:EE:FF,11:22:33:44:55:66,1563,1352,1754,1,0,OK
4183,2025-12-02 11:59:18,AA:BB:CC:DD:EE:FF,11:22:33:44:55:66,1587,1401,1736,1,0,OK
4182,2025-12-02 11:59:18,AA:BB:CC:DD:EE:FF,11:22:33:44:55:66,1596,1419,1711,1,0,OK
4181,2025-12-02 11:59:18,AA:BB:CC:DD:EE:FF,11:22:33:44:55:66,1747,1432,1715,1,0,OK
4180,2025-12-02 11:59:18,AA:BB:CC:DD:EE:FF,11:22:33:44:55:66,1756,1449,1687,1,0,OK
4179,2025-12-02 11:59:18,AA:BB:CC:DD:EE:FF,11:22:33:44:55:66,2842,2764,2755,1,0,OK
4178,2025-12-02 11:59:18,AA:BB:CC:DD:EE:FF,11:22:33:44:55:66,2779,2875,2859,1,0,OK
4177,2025-12-02 11:59:18,AA:BB:CC:DD:EE:FF,11:22:33:44:55:66,1606,1519,1793,1,0,OK
4176,2025-12-02 11:59:18,AA:BB:CC:DD:EE:FF,11:22:33:44:55:66,1575,1539,1785,1,0,OK
4175,2025-12-02 11:59:17,AA:BB:CC:DD:EE:FF,11:22:33:44:55:66,1582,1364,1777,1,0,OK
4174,2025-12-02 11:59:17,AA:BB:CC:DD:EE:FF,11:22:33:44:55:66,1535,1371,1784,1,0,OK
4173,2025-12-02 11:59:17,AA:BB:CC:DD:EE:FF,11:22:33:44:55:66,1471,1283,1749,1,0,OK
4172,2025-12-02 11:59:17,AA:BB:CC:DD:EE:FF,11:22:33:44:55:66,1489,1314,1753,1,0,OK
4171,2025-12-02 11:59:17,AA:BB:CC:DD:EE:FF,11:22:33:44:55:66,1487,1331,1749,1,0,OK
4170,2025-12-02 11:59:17,AA:BB:CC:DD:EE:FF,11:22:33:44:55:66,1488,1315,1752,1,0,OK
4169,2025-12-02 11:59:17,AA:BB:CC:DD:EE:FF,11:22:33:44:55:66,1484,1327,1756,1,0,OK
4168,2025-12-02 11:59:17,AA:BB:CC:DD:EE:FF,11:22:33:44:55:66,1486,1332,1754,1,0,OK
4167,2025-12-02 11:59:17,AA:BB:CC:DD:EE:FF,11:22:33:44:55:66,1484,1324,1751,1,0,OK
4166,2025-12-02 11:59:16,AA:BB:CC:DD:EE:FF,11:22:33:44:55:66,1485,1326,1749,1,0,OK
4165,2025-12-02 11:59:16,AA:BB:CC:DD:EE:FF,11:22:33:44:55:66,1479,1326,1745,1,0,OK
4164,2025-12-02 11:59:16,AA:BB:CC:DD:EE:FF,11:22:33:44:55:66,1487,1333,1756,1,0,OK
4163,2025-12-02 11:59:16,AA:BB:CC:DD:EE:FF,11:22:33:44:55:66,1480,1320,1742,1,0,OK
4162,2025-12-02 11:59:16,AA:BB:CC:DD:EE:FF,11:22:33:44:55:66,1480,1306,1748,1,0,OK
4161,2025-12-02 11:59:16,AA:BB:CC:DD:EE:FF,11:22:33:44:55:66,1486,1325,1744,1,0,OK
4160,2025-12-02 11:59:16,AA:BB:CC:DD:EE:FF,11:22:33:44:55:66,1481,1335,1750,1,0,OK
4159,2025-12-02 11:59:16,AA:BB:CC:DD:EE:FF,11:22:33:44:55:66,1483,1318,1754,1,0,OK
4158,2025-12-02 11:59:16,AA:BB:CC:DD:EE:FF,11:22:33:44:55:66,1480,1313,1744,1,0,OK
4157,2025-12-02 11:59:16,AA:BB:CC:DD:EE:FF,11:22:33:44:55:66,1472,1307,1739,1,0,OK
4156,2025-12-02 11:59:15,AA:BB:CC:DD:EE:FF,11:22:33:44:55:66,1466,1287,1736,1,0,OK
4155,2025-12-02 11:59:15,AA:BB:CC:DD:EE:FF,11:22:33:44:55:66,1479,1344,1760,1,0,OK
4154,2025-12-02 11:59:15,AA:BB:CC:DD:EE:FF,11:22:33:44:55:66,1553,1422,1788,1,0,OK
4153,2025-12-02 11:59:15,AA:BB:CC:DD:EE:FF,11:22:33:44:55:66,1524,1491,1790,1,0,OK
4152,2025-12-02 11:59:15,AA:BB:CC:DD:EE:FF,11:22:33:44:55:66,1515,1467,1795,1,0,OK
4151,2025-12-02 11:59:15,AA:BB:CC:DD:EE:FF,11:22:33:44:55:66,1525,1460,1799,1,0,OK
4150,2025-12-02 11:59:15,AA:BB:CC:DD:EE:FF,11:22:33:44:55:66,1525,1473,1792,1,0,OK
4149,2025-12-02 11:59:15,AA:BB:CC:DD:EE:FF,11:22:33:44:55:66,1526,1473,1804,1,0,OK
4148,2025-12-02 11:59:15,AA:BB:CC:DD:EE:FF,11:22:33:44:55:66,1526,1485,1807,1,0,OK
4147,2025-12-02 11:59:14,AA:BB:CC:DD:EE:FF,11:22:33:44:55:66,1529,1475,1799,1,0,OK
4146,2025-12-02 11:59:14,AA:BB:CC:DD:EE:FF,11:22:33:44:55:66,1517,1475,1795,1,0,OK
4145,2025-12-02 11:59:14,AA:BB:CC:DD:EE:FF,11:22:33:44:55:66,1518,1474,1802,1,0,OK
4144,2025-12-02 11:59:14,AA:BB:CC:DD:EE:FF,11:22:33:44:55:66,1524,1477,1808,1,0,OK
4143,2025-12-02 11:59:14,AA:BB:CC:DD:EE:FF,11:22:33:44:55:66,1525,1486,1792,1,0,OK
4142,2025-12-02 11:59:14,AA:BB:CC:DD:EE:FF,11:22:33:44:55:66,1532,1488,1807,1,0,OK
4141,2025-12-02 11:59:14,AA:BB:CC:DD:EE:FF,11:22:33:44:55:66,1515,1472,1800,1,0,OK
4140,2025-12-02 11:59:14,AA:BB:CC:DD:EE:FF,11:22:33:44:55:66,1524,1489,1805,1,0,OK
4139,2025-12-02 11:59:14,AA:BB:CC:DD:EE:FF,11:22:33:44:55:66,1543,1512,1803,1,0,OK
4138,2025-12-02 11:59:14,AA:BB:CC:DD:EE:FF,11:22:33:44:55:66,1536,1512,1806,1,0,OK
4137,2025-12-02 11:59:13,AA:BB:CC:DD:EE:FF,11:22:33:44:55:66,1531,1518,1797,1,0,OK
4136,2025-12-02 11:59:13,AA:BB:CC:DD:EE:FF,11:22:33:44:55:66,1535,1530,1803,1,0,OK
4135,2025-12-02 11:59:13,AA:BB:CC:DD:EE:FF,11:22:33:44:55:66,1532,1532,1800,1,0,OK
4134,2025-12-02 11:59:13,AA:BB:CC:DD:EE:FF,11:22:33:44:55:66,1538,1547,1792,1,0,OK
4133,2025-12-02 11:59:13,AA:BB:CC:DD:EE:FF,11:22:33:44:55:66,1537,1545,1799,1,0,OK
4132,2025-12-02 11:59:13,AA:BB:CC:DD:EE:FF,11:22:33:44:55:66,1536,1573,1796,1,0,OK
4131,2025-12-02 11:59:13,AA:BB:CC:DD:EE:FF,11:22:33:44:55:66,1529,1576,1796,1,0,OK
4130,2025-12-02 11:59:13,AA:BB:CC:DD:EE:FF,11:22:33:44:55:66,1525,1528,1806,1,0,OK
4129,2025-12-02 11:59:13,AA:BB:CC:DD:EE:FF,11:22:33:44:55:66,1480,1396,1783,1,0,OK
4128,2025-12-02 11:59:12,AA:BB:CC:DD:EE:FF,11:22:33:44:55:66,1474,1342,1763,1,0,OK
4127,2025-12-02 11:59:12,AA:BB:CC:DD:EE:FF,11:22:33:44:55:66,1473,1301,1736,1,0,OK
4126,2025-12-02 11:59:12,AA:BB:CC:DD:EE:FF,11:22:33:44:55:66,1485,1219,1670,1,0,OK
4125,2025-12-02 11:59:12,AA:BB:CC:DD:EE:FF,11:22:33:44:55:66,1509,1226,1654,1,0,OK
4124,2025-12-02 11:59:12,AA:BB:CC:DD:EE:FF,11:22:33:44:55:66,1503,1215,1640,1,0,OK
4123,2025-12-02 11:59:12,AA:BB:CC:DD:EE:FF,11:22:33:44:55:66,1511,1195,1630,1,0,OK
4122,2025-12-02 11:59:12,AA:BB:CC:DD:EE:FF,11:22:33:44:55:66,1503,1204,1625,1,0,OK
4121,2025-12-02 11:59:12,AA:BB:CC:DD:EE:FF,11:22:33:44:55:66,1514,1220,1629,1,0,OK
4120,2025-12-02 11:59:12,AA:BB:CC:DD:EE:FF,11:22:33:44:55:66,1501,1205,1605,1,0,OK
4119,2025-12-02 11:59:11,AA:BB:CC:DD:EE:FF,11:22:33:44:55:66,1504,1197,1609,0,0,OK
4118,2025-12-02 11:59:11,AA:BB:CC:DD:EE:FF,11:22:33:44:55:66,1490,1195,1582,0,0,OK
4117,2025-12-02 11:59:11,AA:BB:CC:DD:EE:FF,11:22:33:44:55:66,1495,1163,1587,0,0,OK
4116,2025-12-02 11:59:11,AA:BB:CC:DD:EE:FF,11:22:33:44:55:66,1529,1221,1635,0,0,OK
4115,2025-12-02 11:59:11,AA:BB:CC:DD:EE:FF,11:22:33:44:55:66,1510,1255,1663,0,0,OK
4114,2025-12-02 11:59:11,AA:BB:CC:DD:EE:FF,11:22:33:44:55:66,1540,1187,1726,0,0,OK
4113,2025-12-02 11:59:11,AA:BB:CC:DD:EE:FF,11:22:33:44:55:66,1550,1307,1750,0,0,OK
4112,2025-12-02 11:59:11,AA:BB:CC:DD:EE:FF,11:22:33:44:55:66,1545,1574,1820,0,0,OK
4111,2025-12-02 11:59:11,AA:BB:CC:DD:EE:FF,11:22:33:44:55:66,1512,1583,1782,0,0,OK
4110,2025-12-02 11:59:11,AA:BB:CC:DD:EE:FF,11:22:33:44:55:66,1518,1602,1821,0,0,OK
4109,2025-12-02 11:59:10,AA:BB:CC:DD:EE:FF,11:22:33:44:55:66,1575,1688,1702,0,0,OK
4108,2025-12-02 11:59:10,AA:BB:CC:DD:EE:FF,11:22:33:44:55:66,1604,1807,1618,0,0,OK
4107,2025-12-02 11:59:10,AA:BB:CC:DD:EE:FF,11:22:33:44:55:66,1617,1754,1568,0,0,OK
4106,2025-12-02 11:59:10,AA:BB:CC:DD:EE:FF,11:22:33:44:55:66,1619,1753,1567,0,0,OK
4105,2025-12-02 11:59:10,AA:BB:CC:DD:EE:FF,11:22:33:44:55:66,1625,1945,1666,0,0,OK
4104,2025-12-02 11:59:10,AA:BB:CC:DD:EE:FF,11:22:33:44:55:66,1473,1425,1748,0,0,OK
4103,2025-12-02 11:59:10,AA:BB:CC:DD:EE:FF,11:22:33:44:55:66,1515,1429,1730,0,0,OK
4102,2025-12-02 11:59:10,AA:BB:CC:DD:EE:FF,11:22:33:44:55:66,1503,885,1510,0,0,OK
4101,2025-12-02 11:59:10,AA:BB:CC:DD:EE:FF,11:22:33:44:55:66,1497,1258,1713,0,0,OK
4100,2025-12-02 11:59:10,AA:BB:CC:DD:EE:FF,11:22:33:44:55:66,1474,1237,1668,0,0,OK
4099,2025-12-02 11:59:09,AA:BB:CC:DD:EE:FF,11:22:33:44:55:66,1473,1175,1582,0,0,OK
4098,2025-12-02 11:59:09,AA:BB:CC:DD:EE:FF,11:22:33:44:55:66,1454,1110,1522,0,0,OK
4097,2025-12-02 11:59:09,AA:BB:CC:DD:EE:FF,11:22:33:44:55:66,1455,1140,1483,0,0,OK
4096,2025-12-02 11:59:09,AA:BB:CC:DD:EE:FF,11:22:33:44:55:66,1472,1140,1442,0,0,OK
4095,2025-12-02 11:59:09,AA:BB:CC:DD:EE:FF,11:22:33:44:55:66,1458,1176,1406,0,0,OK
4094,2025-12-02 11:59:09,AA:BB:CC:DD:EE:FF,11:22:33:44:55:66,1458,1163,1395,0,0,OK
4093,2025-12-02 11:59:09,AA:BB:CC:DD:EE:FF,11:22:33:44:55:66,1466,1213,1458,0,0,OK
4092,2025-12-02 11:59:09,AA:BB:CC:DD:EE:FF,11:22:33:44:55:66,1458,1176,1476,0,0,OK
4091,2025-12-02 11:59:09,AA:BB:CC:DD:EE:FF,11:22:33:44:55:66,1458,1169,1519,0,0,OK
4090,2025-12-02 11:59:08,AA:BB:CC:DD:EE:FF,11:22:33:44:55:66,1478,1217,1598,0,0,OK
4089,2025-12-02 11:59:08,AA:BB:CC:DD:EE:FF,11:22:33:44:55:66,1474,1191,1571,0,0,OK
4088,2025-12-02 11:59:08,AA:BB:CC:DD:EE:FF,11:22:33:44:55:66,1576,1250,1601,0,0,OK
4087,2025-12-02 11:59:08,AA:BB:CC:DD:EE:FF,11:22:33:44:55:66,1546,1228,1598,0,0,OK
4086,2025-12-02 11:59:08,AA:BB:CC:DD:EE:FF,11:22:33:44:55:66,1495,1167,1564,0,0,OK
4085,2025-12-02 11:59:08,AA:BB:CC:DD:EE:FF,11:22:33:44:55:66,1465,1159,1566,0,0,OK
4084,2025-12-02 11:59:08,AA:BB:CC:DD:EE:FF,11:22:33:44:55:66,1475,1167,1579,0,0,OK
4083,2025-12-02 11:59:08,AA:BB:CC:DD:EE:FF,11:22:33:44:55:66,1475,1219,1617,0,0,OK
4082,2025-12-02 11:59:08,AA:BB:CC:DD:EE:FF,11:22:33:44:55:66,1495,1209,1631,0,0,OK
4081,2025-12-02 11:59:08,AA:BB:CC:DD:EE:FF,11:22:33:44:55:66,1501,1293,1688,0,0,OK
4080,2025-12-02 11:59:07,AA:BB:CC:DD:EE:FF,11:22:33:44:55:66,1513,1265,1698,0,0,OK
4079,2025-12-02 11:59:07,AA:BB:CC:DD:EE:FF,11:22:33:44:55:66,1508,1320,1733,0,0,OK
4078,2025-12-02 11:59:07,AA:BB:CC:DD:EE:FF,11:22:33:44:55:66,1555,1342,1788,0,0,OK
4077,2025-12-02 11:59:07,AA:BB:CC:DD:EE:FF,11:22:33:44:55:66,1560,1623,1784,0,0,OK
4076,2025-12-02 11:59:07,AA:BB:CC:DD:EE:FF,11:22:33:44:55:66,1566,1562,1777,0,0,OK
4075,2025-12-02 11:59:07,AA:BB:CC:DD:EE:FF,11:22:33:44:55:66,1567,1528,1777,0,0,OK
4074,2025-12-02 11:59:07,AA:BB:CC:DD:EE:FF,11:22:33:44:55:66,1633,1494,1820,0,0,OK
4073,2025-12-02 11:59:07,AA:BB:CC:DD:EE:FF,11:22:33:44:55:66,1579,1547,1772,0,0,OK
4072,2025-12-02 11:59:07,AA:BB:CC:DD:EE:FF,11:22:33:44:55:66,1510,1664,1759,0,0,OK
4071,2025-12-02 11:59:07,AA:BB:CC:DD:EE:FF,11:22:33:44:55:66,1562,1656,1735,0,0,OK
4070,2025-12-02 11:59:06,AA:BB:CC:DD:EE:FF,11:22:33:44:55:66,1562,1663,1742,0,0,OK
4069,2025-12-02 11:59:06,AA:BB:CC:DD:EE:FF,11:22:33:44:55:66,1560,1669,1727,0,0,OK
4068,2025-12-02 11:59:06,AA:BB:CC:DD:EE:FF,11:22:33:44:55:66,1518,1723,1711,0,0,OK
4067,2025-12-02 11:59:06,AA:BB:CC:DD:EE:FF,11:22:33:44:55:66,1560,1692,1705,0,0,OK
4066,2025-12-02 11:59:06,AA:BB:CC:DD:EE:FF,11:22:33:44:55:66,1560,1714,1687,0,0,OK
4065,2025-12-02 11:59:06,AA:BB:CC:DD:EE:FF,11:22:33:44:55:66,1556,1736,1698,0,0,OK
4064,2025-12-02 11:59:06,AA:BB:CC:DD:EE:FF,11:22:33:44:55:66,1559,1725,1696,0,0,OK
4063,2025-12-02 11:59:06,AA:BB:CC:DD:EE:FF,11:22:33:44:55:66,1562,1733,1693,5,0,OK
4062,2025-12-02 11:59:06,AA:BB:CC:DD:EE:FF,11:22:33:44:55:66,1545,1714,1705,5,0,OK
4061,2025-12-02 11:59:06,AA:BB:CC:DD:EE:FF,11:22:33:44:55:66,1517,1715,1730,5,0,OK
4060,2025-12-02 11:59:05,AA:BB:CC:DD:EE:FF,11:22:33:44:55:66,1518,1638,1761,5,0,OK
4059,2025-12-02 11:59:05,AA:BB:CC:DD:EE:FF,11:22:33:44:55:66,1509,1588,1759,5,0,OK
4058,2025-12-02 11:59:05,AA:BB:CC:DD:EE:FF,11:22:33:44:55:66,1505,1603,1818,5,0,OK
4057,2025-12-02 11:59:05,AA:BB:CC:DD:EE:FF,11:22:33:44:55:66,1510,1529,1807,5,0,OK
4056,2025-12-02 11:59:05,AA:BB:CC:DD:EE:FF,11:22:33:44:55:66,1474,1398,1780,5,0,OK
4055,2025-12-02 11:59:05,AA:BB:CC:DD:EE:FF,11:22:33:44:55:66,1453,1323,1749,5,0,OK
4054,2025-12-02 11:59:05,AA:BB:CC:DD:EE:FF,11:22:33:44:55:66,1447,1297,1725,5,0,OK
4053,2025-12-02 11:59:05,AA:BB:CC:DD:EE:FF,11:22:33:44:55:66,1449,1254,1700,5,0,OK
4052,2025-12-02 11:59:05,AA:BB:CC:DD:EE:FF,11:22:33:44:55:66,1440,1249,1683,5,0,OK
4051,2025-12-02 11:59:04,AA:BB:CC:DD:EE:FF,11:22:33:44:55:66,1436,1229,1667,5,0,OK
4050,2025-12-02 11:59:04,AA:BB:CC:DD:EE:FF,11:22:33:44:55:66,1451,1237,1681,5,0,OK
4049,2025-12-02 11:59:04,AA:BB:CC:DD:EE:FF,11:22:33:44:55:66,1434,1223,1646,5,0,OK
4048,2025-12-02 11:59:04,AA:BB:CC:DD:EE:FF,11:22:33:44:55:66,1442,1222,1651,5,0,OK
4047,2025-12-02 11:59:04,AA:BB:CC:DD:EE:FF,11:22:33:44:55:66,1431,1215,1611,5,0,OK
4046,2025-12-02 11:59:04,AA:BB:CC:DD:EE:FF,11:22:33:44:55:66,1434,1212,1603,5,0,OK
4045,2025-12-02 11:59:04,AA:BB:CC:DD:EE:FF,11:22:33:44:55:66,1445,1222,1609,5,0,OK
4044,2025-12-02 11:59:04,AA:BB:CC:DD:EE:FF,11:22:33:44:55:66,1444,1207,1598,5,0,OK
4043,2025-12-02 11:59:04,AA:BB:CC:DD:EE:FF,11:22:33:44:55:66,1452,1216,1606,5,0,OK
4042,2025-12-02 11:59:04,AA:BB:CC:DD:EE:FF,11:22:33:44:55:66,1450,1202,1603,5,0,OK
4041,2025-12-02 11:59:03,AA:BB:CC:DD:EE:FF,11:22:33:44:55:66,1443,1205,1584,5,0,OK
4040,2025-12-02 11:59:03,AA:BB:CC:DD:EE:FF,11:22:33:44:55:66,1445,1198,1584,5,0,OK
4039,2025-12-02 11:59:03,AA:BB:CC:DD:EE:FF,11:22:33:44:55:66,1451,1213,1585,5,0,OK
4038,2025-12-02 11:59:03,AA:BB:CC:DD:EE:FF,11:22:33:44:55:66,1449,1204,1575,5,0,OK
4037,2025-12-02 11:59:03,AA:BB:CC:DD:EE:FF,11:22:33:44:55:66,1452,1188,1569,5,0,OK
4036,2025-12-02 11:59:03,AA:BB:CC:DD:EE:FF,11:22:33:44:55:66,1458,1190,1554,4,0,OK
4035,2025-12-02 11:59:03,AA:BB:CC:DD:EE:FF,11:22:33:44:55:66,1470,1188,1574,4,0,OK
4034,2025-12-02 11:59:03,AA:BB:CC:DD:EE:FF,11:22:33:44:55:66,1502,1185,1592,4,0,OK
4033,2025-12-02 11:59:03,AA:BB:CC:DD:EE:FF,11:22:33:44:55:66,1451,1186,1567,4,0,OK
4032,2025-12-02 11:59:03,AA:BB:CC:DD:EE:FF,11:22:33:44:55:66,1448,1256,1654,4,0,OK
4031,2025-12-02 11:59:02,AA:BB:CC:DD:EE:FF,11:22:33:44:55:66,1437,1275,1692,4,0,OK
4030,2025-12-02 11:59:02,AA:BB:CC:DD:EE:FF,11:22:33:44:55:66,1414,1357,1731,4,0,OK
4029,2025-12-02 11:59:02,AA:BB:CC:DD:EE:FF,11:22:33:44:55:66,1464,1415,1761,4,0,OK
4028,2025-12-02 11:59:02,AA:BB:CC:DD:EE:FF,11:22:33:44:55:66,1459,1504,1733,4,0,OK
4027,2025-12-02 11:59:02,AA:BB:CC:DD:EE:FF,11:22:33:44:55:66,1504,1751,1727,4,0,OK
4026,2025-12-02 11:59:02,AA:BB:CC:DD:EE:FF,11:22:33:44:55:66,1509,1743,1669,4,0,OK
4025,2025-12-02 11:59:02,AA:BB:CC:DD:EE:FF,11:22:33:44:55:66,1524,1749,1617,4,0,OK
4024,2025-12-02 11:59:02,AA:BB:CC:DD:EE:FF,11:22:33:44:55:66,1600,1808,1607,4,0,OK
4023,2025-12-02 11:59:02,AA:BB:CC:DD:EE:FF,11:22:33:44:55:66,1599,1787,1530,4,0,OK
4022,2025-12-02 11:59:01,AA:BB:CC:DD:EE:FF,11:22:33:44:55:66,1616,1760,1476,4,0,OK
4021,2025-12-02 11:59:01,AA:BB:CC:DD:EE:FF,11:22:33:44:55:66,1644,1820,1499,4,0,OK
4020,2025-12-02 11:59:01,AA:BB:CC:DD:EE:FF,11:22:33:44:55:66,1781,1771,1509,4,0,OK
4019,2025-12-02 11:59:01,AA:BB:CC:DD:EE:FF,11:22:33:44:55:66,1620,1945,1562,4,0,OK
4018,2025-12-02 11:59:01,AA:BB:CC:DD:EE:FF,11:22:33:44:55:66,1706,1662,1553,4,0,OK
4017,2025-12-02 11:59:01,AA:BB:CC:DD:EE:FF,11:22:33:44:55:66,1755,1635,1608,4,0,OK
4016,2025-12-02 11:59:01,AA:BB:CC:DD:EE:FF,11:22:33:44:55:66,1752,1601,1611,4,0,OK
4015,2025-12-02 11:59:01,AA:BB:CC:DD:EE:FF,11:22:33:44:55:66,1733,1606,1585,4,0,OK
4014,2025-12-02 11:59:01,AA:BB:CC:DD:EE:FF,11:22:33:44:55:66,1710,1591,1615,4,0,OK
4013,2025-12-02 11:59:01,AA:BB:CC:DD:EE:FF,11:22:33:44:55:66,1718,1633,1625,4,0,OK
4012,2025-12-02 11:59:00,AA:BB:CC:DD:EE:FF,11:22:33:44:55:66,1792,1664,1630,4,0,OK
4011,2025-12-02 11:59:00,AA:BB:CC:DD:EE:FF,11:22:33:44:55:66,1676,1570,1697,4,0,OK
4010,2025-12-02 11:59:00,AA:BB:CC:DD:EE:FF,11:22:33:44:55:66,1415,1383,1679,4,0,OK
4009,2025-12-02 11:59:00,AA:BB:CC:DD:EE:FF,11:22:33:44:55:66,1042,1277,1611,4,0,OK
4008,2025-12-02 11:59:00,AA:BB:CC:DD:EE:FF,11:22:33:44:55:66,1240,1369,1605,4,0,OK
4007,2025-12-02 11:59:00,AA:BB:CC:DD:EE:FF,11:22:33:44:55:66,1219,1352,1608,4,0,OK
4006,2025-12-02 11:59:00,AA:BB:CC:DD:EE:FF,11:22:33:44:55:66,1264,1380,1610,4,0,OK
4005,2025-12-02 11:59:00,AA:BB:CC:DD:EE:FF,11:22:33:44:55:66,1192,1353,1613,4,0,OK
4004,2025-12-02 11:59:00,AA:BB:CC:DD:EE:FF,11:22:33:44:55:66,1203,1352,1608,4,0,OK
4003,2025-12-02 11:58:59,AA:BB:CC:DD:EE:FF,11:22:33:44:55:66,1241,1351,1623,4,0,OK
4002,2025-12-02 11:58:59,AA:BB:CC:DD:EE:FF,11:22:33:44:55:66,1265,1379,1611,4,0,OK
4001,2025-12-02 11:58:59,AA:BB:CC:DD:EE:FF,11:22:33:44:55:66,1238,1350,1643,4,0,OK
4000,2025-12-02 11:58:59,AA:BB:CC:DD:EE:FF,11:22:33:44:55:66,1296,1376,1683,4,0,OK
3999,2025-12-02 11:58:59,AA:BB:CC:DD:EE:FF,11:22:33:44:55:66,1406,1370,1746,4,0,OK
3998,2025-12-02 11:58:59,AA:BB:CC:DD:EE:FF,11:22:33:44:55:66,1450,1415,1764,4,0,OK
3997,2025-12-02 11:58:59,AA:BB:CC:DD:EE:FF,11:22:33:44:55:66,1618,1478,1749,4,0,OK
3996,2025-12-02 11:58:59,AA:BB:CC:DD:EE:FF,11:22:33:44:55:66,1643,1544,1659,4,0,OK
3995,2025-12-02 11:58:59,AA:BB:CC:DD:EE:FF,11:22:33:44:55:66,1662,1563,1602,4,0,OK
3994,2025-12-02 11:58:59,AA:BB:CC:DD:EE:FF,11:22:33:44:55:66,1768,1614,1542,4,0,OK
3993,2025-12-02 11:58:58,AA:BB:CC:DD:EE:FF,11:22:33:44:55:66,1768,1618,1540,4,0,OK
3992,2025-12-02 11:58:58,AA:BB:CC:DD:EE:FF,11:22:33:44:55:66,1753,1625,1538,4,0,OK
3991,2025-12-02 11:58:58,AA:BB:CC:DD:EE:FF,11:22:33:44:55:66,1708,1599,1568,4,0,OK
3990,2025-12-02 11:58:58,AA:BB:CC:DD:EE:FF,11:22:33:44:55:66,1741,1661,1570,4,0,OK
3989,2025-12-02 11:58:58,AA:BB:CC:DD:EE:FF,11:22:33:44:55:66,1778,1662,1654,4,0,OK
3988,2025-12-02 11:58:58,AA:BB:CC:DD:EE:FF,11:22:33:44:55:66,1533,1473,1748,4,0,OK
3987,2025-12-02 11:58:58,AA:BB:CC:DD:EE:FF,11:22:33:44:55:66,1275,1339,1711,4,0,OK
3986,2025-12-02 11:58:58,AA:BB:CC:DD:EE:FF,11:22:33:44:55:66,1190,1350,1694,4,0,OK
3985,2025-12-02 11:58:58,AA:BB:CC:DD:EE:FF,11:22:33:44:55:66,1219,1384,1665,4,0,OK
3984,2025-12-02 11:58:58,AA:BB:CC:DD:EE:FF,11:22:33:44:55:66,1211,1371,1675,4,0,OK
3983,2025-12-02 11:58:57,AA:BB:CC:DD:EE:FF,11:22:33:44:55:66,1330,1391,1733,4,0,OK
3982,2025-12-02 11:58:57,AA:BB:CC:DD:EE:FF,11:22:33:44:55:66,1514,1461,1748,4,0,OK
3981,2025-12-02 11:58:57,AA:BB:CC:DD:EE:FF,11:22:33:44:55:66,1669,1516,1749,4,0,OK
3980,2025-12-02 11:58:57,AA:BB:CC:DD:EE:FF,11:22:33:44:55:66,1742,1558,1700,4,0,OK
3979,2025-12-02 11:58:57,AA:BB:CC:DD:EE:FF,11:22:33:44:55:66,1819,1610,1617,4,0,OK
3978,2025-12-02 11:58:57,AA:BB:CC:DD:EE:FF,11:22:33:44:55:66,1796,1611,1587,4,0,OK
3977,2025-12-02 11:58:57,AA:BB:CC:DD:EE:FF,11:22:33:44:55:66,1735,1603,1579,4,0,OK
3976,2025-12-02 11:58:57,AA:BB:CC:DD:EE:FF,11:22:33:44:55:66,1767,1548,1652,4,0,OK
3975,2025-12-02 11:58:57,AA:BB:CC:DD:EE:FF,11:22:33:44:55:66,1357,1412,1691,4,0,OK
3974,2025-12-02 11:58:57,AA:BB:CC:DD:EE:FF,11:22:33:44:55:66,1245,1383,1707,4,0,OK
3973,2025-12-02 11:58:56,AA:BB:CC:DD:EE:FF,11:22:33:44:55:66,1221,1383,1705,4,0,OK
3972,2025-12-02 11:58:56,AA:BB:CC:DD:EE:FF,11:22:33:44:55:66,1278,1399,1700,4,0,OK
3971,2025-12-02 11:58:56,AA:BB:CC:DD:EE:FF,11:22:33:44:55:66,1523,1464,1741,4,0,OK
3970,2025-12-02 11:58:56,AA:BB:CC:DD:EE:FF,11:22:33:44:55:66,1749,1568,1675,4,0,OK
3969,2025-12-02 11:58:56,AA:BB:CC:DD:EE:FF,11:22:33:44:55:66,1789,1672,1527,4,0,OK
3968,2025-12-02 11:58:56,AA:BB:CC:DD:EE:FF,11:22:33:44:55:66,1746,1644,1484,4,0,OK
3967,2025-12-02 11:58:56,AA:BB:CC:DD:EE:FF,11:22:33:44:55:66,1792,1633,1542,4,0,OK
3966,2025-12-02 11:58:56,AA:BB:CC:DD:EE:FF,11:22:33:44:55:66,1656,1630,1577,4,0,OK
3965,2025-12-02 11:58:56,AA:BB:CC:DD:EE:FF,11:22:33:44:55:66,1714,1611,1681,4,0,OK
3964,2025-12-02 11:58:55,AA:BB:CC:DD:EE:FF,11:22:33:44:55:66,1543,1542,1745,4,0,OK
3963,2025-12-02 11:58:55,AA:BB:CC:DD:EE:FF,11:22:33:44:55:66,1320,1317,1676,4,0,OK
3962,2025-12-02 11:58:55,AA:BB:CC:DD:EE:FF,11:22:33:44:55:66,1096,1335,1619,4,0,OK
3961,2025-12-02 11:58:55,AA:BB:CC:DD:EE:FF,11:22:33:44:55:66,1131,1318,1602,4,0,OK
3960,2025-12-02 11:58:55,AA:BB:CC:DD:EE:FF,11:22:33:44:55:66,1226,1366,1649,4,0,OK
3959,2025-12-02 11:58:55,AA:BB:CC:DD:EE:FF,11:22:33:44:55:66,1286,1373,1690,4,0,OK
3958,2025-12-02 11:58:55,AA:BB:CC:DD:EE:FF,11:22:33:44:55:66,1396,1429,1759,4,0,OK
3957,2025-12-02 11:58:55,AA:BB:CC:DD:EE:FF,11:22:33:44:55:66,1440,1494,1758,4,0,OK
3956,2025-12-02 11:58:55,AA:BB:CC:DD:EE:FF,11:22:33:44:55:66,1584,1576,1769,4,0,OK
3955,2025-12-02 11:58:55,AA:BB:CC:DD:EE:FF,11:22:33:44:55:66,1659,1654,1694,4,0,OK
3954,2025-12-02 11:58:54,AA:BB:CC:DD:EE:FF,11:22:33:44:55:66,1716,1662,1702,4,0,OK
3953,2025-12-02 11:58:54,AA:BB:CC:DD:EE:FF,11:22:33:44:55:66,1788,1725,1591,4,0,OK
3952,2025-12-02 11:58:54,AA:BB:CC:DD:EE:FF,11:22:33:44:55:66,1771,1705,1538,4,0,OK
3951,2025-12-02 11:58:54,AA:BB:CC:DD:EE:FF,11:22:33:44:55:66,1742,1692,1558,4,0,OK
3950,2025-12-02 11:58:54,AA:BB:CC:DD:EE:FF,11:22:33:44:55:66,1725,1713,1564,4,0,OK
3949,2025-12-02 11:58:54,AA:BB:CC:DD:EE:FF,11:22:33:44:55:66,1681,1672,1608,4,0,OK
3948,2025-12-02 11:58:54,AA:BB:CC:DD:EE:FF,11:22:33:44:55:66,1662,1669,1709,4,0,OK
3947,2025-12-02 11:58:54,AA:BB:CC:DD:EE:FF,11:22:33:44:55:66,1425,1480,1746,4,0,OK
3946,2025-12-02 11:58:54,AA:BB:CC:DD:EE:FF,11:22:33:44:55:66,1391,1429,1785,4,0,OK
3945,2025-12-02 11:58:53,AA:BB:CC:DD:EE:FF,11:22:33:44:55:66,1393,1437,1790,4,0,OK
3944,2025-12-02 11:58:53,AA:BB:CC:DD:EE:FF,11:22:33:44:55:66,1404,1441,1783,4,0,OK
3943,2025-12-02 11:58:53,AA:BB:CC:DD:EE:FF,11:22:33:44:55:66,1378,1422,1764,4,0,OK
3942,2025-12-02 11:58:53,AA:BB:CC:DD:EE:FF,11:22:33:44:55:66,1349,1396,1757,4,0,OK
3941,2025-12-02 11:58:53,AA:BB:CC:DD:EE:FF,11:22:33:44:55:66,1349,1405,1758,4,0,OK
3940,2025-12-02 11:58:53,AA:BB:CC:DD:EE:FF,11:22:33:44:55:66,1335,1393,1740,4,0,OK
3939,2025-12-02 11:58:53,AA:BB:CC:DD:EE:FF,11:22:33:44:55:66,1314,1403,1726,4,0,OK
3938,2025-12-02 11:58:53,AA:BB:CC:DD:EE:FF,11:22:33:44:55:66,1313,1389,1743,4,0,OK
3937,2025-12-02 11:58:53,AA:BB:CC:DD:EE:FF,11:22:33:44:55:66,1311,1396,1729,4,0,OK
3936,2025-12-02 11:58:52,AA:BB:CC:DD:EE:FF,11:22:33:44:55:66,1316,1390,1731,4,0,OK
3935,2025-12-02 11:58:52,AA:BB:CC:DD:EE:FF,11:22:33:44:55:66,1310,1404,1728,4,0,OK
3934,2025-12-02 11:58:52,AA:BB:CC:DD:EE:FF,11:22:33:44:55:66,1313,1406,1729,3,0,OK
3933,2025-12-02 11:58:52,AA:BB:CC:DD:EE:FF,11:22:33:44:55:66,1305,1393,1721,3,0,OK
3932,2025-12-02 11:58:52,AA:BB:CC:DD:EE:FF,11:22:33:44:55:66,1314,1401,1721,3,0,OK
3931,2025-12-02 11:58:52,AA:BB:CC:DD:EE:FF,11:22:33:44:55:66,1315,1398,1730,3,0,OK
3930,2025-12-02 11:58:52,AA:BB:CC:DD:EE:FF,11:22:33:44:55:66,1316,1395,1728,3,0,OK
3929,2025-12-02 11:58:52,AA:BB:CC:DD:EE:FF,11:22:33:44:55:66,1316,1402,1721,3,0,OK
3928,2025-12-02 11:58:52,AA:BB:CC:DD:EE:FF,11:22:33:44:55:66,1315,1403,1732,3,0,OK
3927,2025-12-02 11:58:52,AA:BB:CC:DD:EE:FF,11:22:33:44:55:66,1313,1400,1726,3,0,OK
3926,2025-12-02 11:58:51,AA:BB:CC:DD:EE:FF,11:22:33:44:55:66,1303,1392,1724,3,0,OK
3925,2025-12-02 11:58:51,AA:BB:CC:DD:EE:FF,11:22:33:44:55:66,1308,1391,1726,3,0,OK
3924,2025-12-02 11:58:51,AA:BB:CC:DD:EE:FF,11:22:33:44:55:66,1309,1402,1721,3,0,OK
3923,2025-12-02 11:58:51,AA:BB:CC:DD:EE:FF,11:22:33:44:55:66,1301,1402,1718,3,0,OK
3922,2025-12-02 11:58:51,AA:BB:CC:DD:EE:FF,11:22:33:44:55:66,1321,1400,1717,3,0,OK
3921,2025-12-02 11:58:51,AA:BB:CC:DD:EE:FF,11:22:33:44:55:66,1318,1404,1727,3,0,OK
3920,2025-12-02 11:58:51,AA:BB:CC:DD:EE:FF,11:22:33:44:55:66,1310,1399,1728,3,0,OK
3919,2025-12-02 11:58:51,AA:BB:CC:DD:EE:FF,11:22:33:44:55:66,1304,1403,1720,3,0,OK
3918,2025-12-02 11:58:51,AA:BB:CC:DD:EE:FF,11:22:33:44:55:66,1319,1398,1726,3,0,OK
3917,2025-12-02 11:58:50,AA:BB:CC:DD:EE:FF,11:22:33:44:55:66,1311,1399,1727,3,0,OK
3916,2025-12-02 11:58:50,AA:BB:CC:DD:EE:FF,11:22:33:44:55:66,1299,1395,1732,3,0,OK
3915,2025-12-02 11:58:50,AA:BB:CC:DD:EE:FF,11:22:33:44:55:66,1313,1407,1725,3,0,OK
3914,2025-12-02 11:58:50,AA:BB:CC:DD:EE:FF,11:22:33:44:55:66,1292,1395,1722,3,0,OK
3913,2025-12-02 11:58:50,AA:BB:CC:DD:EE:FF,11:22:33:44:55:66,1258,1375,1722,3,0,OK
3912,2025-12-02 11:58:50,AA:BB:CC:DD:EE:FF,11:22:33:44:55:66,1311,1398,1740,3,0,OK
3911,2025-12-02 11:58:50,AA:BB:CC:DD:EE:FF,11:22:33:44:55:66,1335,1417,1757,3,0,OK
3910,2025-12-02 11:58:50,AA:BB:CC:DD:EE:FF,11:22:33:44:55:66,1395,1462,1782,3,0,OK
3909,2025-12-02 11:58:50,AA:BB:CC:DD:EE:FF,11:22:33:44:55:66,1395,1430,1790,3,0,OK
3908,2025-12-02 11:58:50,AA:BB:CC:DD:EE:FF,11:22:33:44:55:66,1399,1451,1788,3,0,OK
3907,2025-12-02 11:58:49,AA:BB:CC:DD:EE:FF,11:22:33:44:55:66,1403,1454,1788,3,0,OK
3906,2025-12-02 11:58:49,AA:BB:CC:DD:EE:FF,11:22:33:44:55:66,1410,1458,1789,3,0,OK
3905,2025-12-02 11:58:49,AA:BB:CC:DD:EE:FF,11:22:33:44:55:66,1378,1449,1785,3,0,OK
3904,2025-12-02 11:58:49,AA:BB:CC:DD:EE:FF,11:22:33:44:55:66,1387,1462,1795,3,0,OK
3903,2025-12-02 11:58:49,AA:BB:CC:DD:EE:FF,11:22:33:44:55:66,1483,1516,1792,3,0,OK
3902,2025-12-02 11:58:49,AA:BB:CC:DD:EE:FF,11:22:33:44:55:66,1519,1538,1788,3,0,OK
3901,2025-12-02 11:58:49,AA:BB:CC:DD:EE:FF,11:22:33:44:55:66,1618,1608,1757,3,0,OK
3900,2025-12-02 11:58:49,AA:BB:CC:DD:EE:FF,11:22:33:44:55:66,1659,1633,1743,3,0,OK
3899,2025-12-02 11:58:49,AA:BB:CC:DD:EE:FF,11:22:33:44:55:66,1645,1604,1756,3,0,OK
3898,2025-12-02 11:58:48,AA:BB:CC:DD:EE:FF,11:22:33:44:55:66,1474,1480,1748,3,0,OK
3897,2025-12-02 11:58:48,AA:BB:CC:DD:EE:FF,11:22:33:44:55:66,1343,1370,1740,3,0,OK
3896,2025-12-02 11:58:48,AA:BB:CC:DD:EE:FF,11:22:33:44:55:66,1299,1354,1732,3,0,OK
3895,2025-12-02 11:58:48,AA:BB:CC:DD:EE:FF,11:22:33:44:55:66,1334,1379,1727,3,0,OK
3894,2025-12-02 11:58:48,AA:BB:CC:DD:EE:FF,11:22:33:44:55:66,1314,1371,1721,3,0,OK
3893,2025-12-02 11:58:48,AA:BB:CC:DD:EE:FF,11:22:33:44:55:66,1324,1374,1732,3,0,OK
3892,2025-12-02 11:58:48,AA:BB:CC:DD:EE:FF,11:22:33:44:55:66,1314,1372,1720,3,0,OK
3891,2025-12-02 11:58:48,AA:BB:CC:DD:EE:FF,11:22:33:44:55:66,1313,1374,1723,3,0,OK
3890,2025-12-02 11:58:48,AA:BB:CC:DD:EE:FF,11:22:33:44:55:66,1314,1376,1715,3,0,OK
3889,2025-12-02 11:58:48,AA:BB:CC:DD:EE:FF,11:22:33:44:55:66,1306,1357,1709,2,0,OK
3888,2025-12-02 11:58:47,AA:BB:CC:DD:EE:FF,11:22:33:44:55:66,1299,1371,1708,2,0,OK
3887,2025-12-02 11:58:47,AA:BB:CC:DD:EE:FF,11:22:33:44:55:66,1293,1361,1702,2,0,OK
3886,2025-12-02 11:58:47,AA:BB:CC:DD:EE:FF,11:22:33:44:55:66,1268,1352,1679,2,0,OK
3885,2025-12-02 11:58:47,AA:BB:CC:DD:EE:FF,11:22:33:44:55:66,1258,1343,1662,2,0,OK
3884,2025-12-02 11:58:47,AA:BB:CC:DD:EE:FF,11:22:33:44:55:66,1272,1356,1673,2,0,OK
3883,2025-12-02 11:58:47,AA:BB:CC:DD:EE:FF,11:22:33:44:55:66,1284,1357,1670,2,0,OK
3882,2025-12-02 11:58:47,AA:BB:CC:DD:EE:FF,11:22:33:44:55:66,1277,1362,1680,2,0,OK
3881,2025-12-02 11:58:47,AA:BB:CC:DD:EE:FF,11:22:33:44:55:66,1267,1345,1691,2,0,OK
3880,2025-12-02 11:58:47,AA:BB:CC:DD:EE:FF,11:22:33:44:55:66,1315,1380,1711,2,0,OK
3879,2025-12-02 11:58:46,AA:BB:CC:DD:EE:FF,11:22:33:44:55:66,1284,1371,1712,2,0,OK
3878,2025-12-02 11:58:46,AA:BB:CC:DD:EE:FF,11:22:33:44:55:66,1310,1386,1720,2,0,OK
3877,2025-12-02 11:58:46,AA:BB:CC:DD:EE:FF,11:22:33:44:55:66,1324,1387,1727,2,0,OK
3876,2025-12-02 11:58:46,AA:BB:CC:DD:EE:FF,11:22:33:44:55:66,1344,1393,1756,2,0,OK
3875,2025-12-02 11:58:46,AA:BB:CC:DD:EE:FF,11:22:33:44:55:66,1364,1411,1755,2,0,OK
3874,2025-12-02 11:58:46,AA:BB:CC:DD:EE:FF,11:22:33:44:55:66,1353,1404,1762,2,0,OK
3873,2025-12-02 11:58:46,AA:BB:CC:DD:EE:FF,11:22:33:44:55:66,1380,1429,1771,2,0,OK
3872,2025-12-02 11:58:46,AA:BB:CC:DD:EE:FF,11:22:33:44:55:66,1385,1438,1772,2,0,OK
3871,2025-12-02 11:58:46,AA:BB:CC:DD:EE:FF,11:22:33:44:55:66,1399,1436,1784,2,0,OK
3870,2025-12-02 11:58:46,AA:BB:CC:DD:EE:FF,11:22:33:44:55:66,1406,1450,1788,2,0,OK
3869,2025-12-02 11:58:45,AA:BB:CC:DD:EE:FF,11:22:33:44:55:66,1451,1483,1795,2,0,OK
3868,2025-12-02 11:58:45,AA:BB:CC:DD:EE:FF,11:22:33:44:55:66,1461,1497,1795,2,0,OK
3867,2025-12-02 11:58:45,AA:BB:CC:DD:EE:FF,11:22:33:44:55:66,1488,1510,1789,1,0,OK
3866,2025-12-02 11:58:45,AA:BB:CC:DD:EE:FF,11:22:33:44:55:66,1524,1524,1789,1,0,OK
3865,2025-12-02 11:58:45,AA:BB:CC:DD:EE:FF,11:22:33:44:55:66,1615,1602,1763,1,0,OK
3864,2025-12-02 11:58:45,AA:BB:CC:DD:EE:FF,11:22:33:44:55:66,1660,1647,1740,1,0,OK
3863,2025-12-02 11:58:45,AA:BB:CC:DD:EE:FF,11:22:33:44:55:66,1634,1618,1745,1,0,OK
3862,2025-12-02 11:58:45,AA:BB:CC:DD:EE:FF,11:22:33:44:55:66,1633,1618,1734,1,0,OK
3861,2025-12-02 11:58:45,AA:BB:CC:DD:EE:FF,11:22:33:44:55:66,1652,1618,1725,1,0,OK
3860,2025-12-02 11:58:44,AA:BB:CC:DD:EE:FF,11:22:33:44:55:66,1664,1637,1714,1,0,OK
3859,2025-12-02 11:58:44,AA:BB:CC:DD:EE:FF,11:22:33:44:55:66,1675,1637,1710,1,0,OK
3858,2025-12-02 11:58:44,AA:BB:CC:DD:EE:FF,11:22:33:44:55:66,1676,1647,1697,1,0,OK
3857,2025-12-02 11:58:44,AA:BB:CC:DD:EE:FF,11:22:33:44:55:66,1688,1632,1698,1,0,OK
3856,2025-12-02 11:58:44,AA:BB:CC:DD:EE:FF,11:22:33:44:55:66,1685,1640,1710,1,0,OK
3855,2025-12-02 11:58:44,AA:BB:CC:DD:EE:FF,11:22:33:44:55:66,1639,1605,1749,1,0,OK
3854,2025-12-02 11:58:44,AA:BB:CC:DD:EE:FF,11:22:33:44:55:66,1608,1577,1777,1,0,OK
3853,2025-12-02 11:58:44,AA:BB:CC:DD:EE:FF,11:22:33:44:55:66,1599,1535,1770,1,0,OK
3852,2025-12-02 11:58:44,AA:BB:CC:DD:EE:FF,11:22:33:44:55:66,1490,1468,1786,1,0,OK
3851,2025-12-02 11:58:44,AA:BB:CC:DD:EE:FF,11:22:33:44:55:66,1416,1434,1789,1,0,OK
3850,2025-12-02 11:58:43,AA:BB:CC:DD:EE:FF,11:22:33:44:55:66,1440,1464,1800,1,0,OK
3849,2025-12-02 11:58:43,AA:BB:CC:DD:EE:FF,11:22:33:44:55:66,1438,1441,1789,1,0,OK
3848,2025-12-02 11:58:43,AA:BB:CC:DD:EE:FF,11:22:33:44:55:66,1454,1444,1796,1,0,OK
3847,2025-12-02 11:58:43,AA:BB:CC:DD:EE:FF,11:22:33:44:55:66,1440,1449,1792,1,0,OK
3846,2025-12-02 11:58:43,AA:BB:CC:DD:EE:FF,11:22:33:44:55:66,1438,1433,1800,1,0,OK
3845,2025-12-02 11:58:43,AA:BB:CC:DD:EE:FF,11:22:33:44:55:66,1448,1444,1795,1,0,OK
3844,2025-12-02 11:58:43,AA:BB:CC:DD:EE:FF,11:22:33:44:55:66,1457,1453,1800,1,0,OK
3843,2025-12-02 11:58:43,AA:BB:CC:DD:EE:FF,11:22:33:44:55:66,1431,1435,1792,1,0,OK
3842,2025-12-02 11:58:43,AA:BB:CC:DD:EE:FF,11:22:33:44:55:66,1437,1435,1795,1,0,OK
3841,2025-12-02 11:58:42,AA:BB:CC:DD:EE:FF,11:22:33:44:55:66,1436,1451,1778,1,0,OK
3840,2025-12-02 11:58:42,AA:BB:CC:DD:EE:FF,11:22:33:44:55:66,1403,1423,1785,1,0,OK
3839,2025-12-02 11:58:42,AA:BB:CC:DD:EE:FF,11:22:33:44:55:66,1408,1420,1776,1,0,OK
3838,2025-12-02 11:58:42,AA:BB:CC:DD:EE:FF,11:22:33:44:55:66,1368,1402,1774,1,0,OK
3837,2025-12-02 11:58:42,AA:BB:CC:DD:EE:FF,11:22:33:44:55:66,1416,1445,1787,1,0,OK
3836,2025-12-02 11:58:42,AA:BB:CC:DD:EE:FF,11:22:33:44:55:66,1420,1444,1798,1,0,OK
3835,2025-12-02 11:58:42,AA:BB:CC:DD:EE:FF,11:22:33:44:55:66,1458,1479,1802,1,0,OK
3834,2025-12-02 11:58:42,AA:BB:CC:DD:EE:FF,11:22:33:44:55:66,1441,1456,1807,1,0,OK
3833,2025-12-02 11:58:42,AA:BB:CC:DD:EE:FF,11:22:33:44:55:66,1458,1482,1793,1,0,OK
3832,2025-12-02 11:58:41,AA:BB:CC:DD:EE:FF,11:22:33:44:55:66,1501,1516,1785,1,0,OK
3831,2025-12-02 11:58:41,AA:BB:CC:DD:EE:FF,11:22:33:44:55:66,1514,1525,1792,1,0,OK
3830,2025-12-02 11:58:41,AA:BB:CC:DD:EE:FF,11:22:33:44:55:66,1564,1551,1766,1,0,OK
3829,2025-12-02 11:58:41,AA:BB:CC:DD:EE:FF,11:22:33:44:55:66,1622,1599,1747,1,0,OK
3828,2025-12-02 11:58:41,AA:BB:CC:DD:EE:FF,11:22:33:44:55:66,1657,1644,1695,1,0,OK
3827,2025-12-02 11:58:41,AA:BB:CC:DD:EE:FF,11:22:33:44:55:66,1669,1638,1701,1,0,OK
3826,2025-12-02 11:58:41,AA:BB:CC:DD:EE:FF,11:22:33:44:55:66,1683,1652,1696,1,0,OK
3825,2025-12-02 11:58:41,AA:BB:CC:DD:EE:FF,11:22:33:44:55:66,1677,1652,1698,1,0,OK
3824,2025-12-02 11:58:40,AA:BB:CC:DD:EE:FF,11:22:33:44:55:66,1682,1654,1680,1,0,OK
3823,2025-12-02 11:58:40,AA:BB:CC:DD:EE:FF,11:22:33:44:55:66,1691,1655,1692,1,0,OK
3822,2025-12-02 11:58:40,AA:BB:CC:DD:EE:FF,11:22:33:44:55:66,1700,1658,1685,1,0,OK
3821,2025-12-02 11:58:40,AA:BB:CC:DD:EE:FF,11:22:33:44:55:66,1682,1652,1691,1,0,OK
3820,2025-12-02 11:58:40,AA:BB:CC:DD:EE:FF,11:22:33:44:55:66,1662,1630,1704,1,0,OK
3819,2025-12-02 11:58:40,AA:BB:CC:DD:EE:FF,11:22:33:44:55:66,1615,1610,1736,1,0,OK
3818,2025-12-02 11:58:40,AA:BB:CC:DD:EE:FF,11:22:33:44:55:66,1629,1622,1750,1,0,OK
3817,2025-12-02 11:58:40,AA:BB:CC:DD:EE:FF,11:22:33:44:55:66,1621,1609,1765,1,0,OK
3816,2025-12-02 11:58:39,AA:BB:CC:DD:EE:FF,11:22:33:44:55:66,1583,1583,1778,1,0,OK
3815,2025-12-02 11:58:39,AA:BB:CC:DD:EE:FF,11:22:33:44:55:66,1509,1493,1792,1,0,OK
3814,2025-12-02 11:58:39,AA:BB:CC:DD:EE:FF,11:22:33:44:55:66,1404,1422,1781,1,0,OK
3813,2025-12-02 11:58:39,AA:BB:CC:DD:EE:FF,11:22:33:44:55:66,1391,1430,1780,1,0,OK
3812,2025-12-02 11:58:39,AA:BB:CC:DD:EE:FF,11:22:33:44:55:66,1356,1427,1774,1,0,OK
3811,2025-12-02 11:58:39,AA:BB:CC:DD:EE:FF,11:22:33:44:55:66,1379,1387,1769,1,0,OK
3810,2025-12-02 11:58:39,AA:BB:CC:DD:EE:FF,11:22:33:44:55:66,1388,1437,1775,1,0,OK
3809,2025-12-02 11:58:39,AA:BB:CC:DD:EE:FF,11:22:33:44:55:66,1371,1457,1771,1,0,OK
3808,2025-12-02 11:58:38,AA:BB:CC:DD:EE:FF,11:22:33:44:55:66,1379,1433,1786,1,0,OK
3807,2025-12-02 11:58:38,AA:BB:CC:DD:EE:FF,11:22:33:44:55:66,1357,1426,1770,1,0,OK
3806,2025-12-02 11:58:38,AA:BB:CC:DD:EE:FF,11:22:33:44:55:66,1378,1441,1774,1,0,OK
3805,2025-12-02 11:58:38,AA:BB:CC:DD:EE:FF,11:22:33:44:55:66,1381,1439,1778,1,0,OK
3804,2025-12-02 11:58:38,AA:BB:CC:DD:EE:FF,11:22:33:44:55:66,1369,1439,1777,1,0,OK
3803,2025-12-02 11:58:38,AA:BB:CC:DD:EE:FF,11:22:33:44:55:66,1408,1464,1779,1,0,OK
3802,2025-12-02 11:58:38,AA:BB:CC:DD:EE:FF,11:22:33:44:55:66,1330,1393,1716,1,0,OK
3801,2025-12-02 11:58:38,AA:BB:CC:DD:EE:FF,11:22:33:44:55:66,1182,1336,1674,1,0,OK
3800,2025-12-02 11:58:38,AA:BB:CC:DD:EE:FF,11:22:33:44:55:66,1258,1365,1687,1,0,OK
3799,2025-12-02 11:58:38,AA:BB:CC:DD:EE:FF,11:22:33:44:55:66,1262,1361,1683,1,0,OK
3798,2025-12-02 11:58:37,AA:BB:CC:DD:EE:FF,11:22:33:44:55:66,1242,1367,1707,1,0,OK
3797,2025-12-02 11:58:37,AA:BB:CC:DD:EE:FF,11:22:33:44:55:66,1310,1400,1739,1,0,OK
3796,2025-12-02 11:58:37,AA:BB:CC:DD:EE:FF,11:22:33:44:55:66,1476,1479,1778,1,0,OK
3795,2025-12-02 11:58:37,AA:BB:CC:DD:EE:FF,11:22:33:44:55:66,1516,1498,1801,1,0,OK
3794,2025-12-02 11:58:37,AA:BB:CC:DD:EE:FF,11:22:33:44:55:66,1624,1545,1789,1,0,OK
3793,2025-12-02 11:58:37,AA:BB:CC:DD:EE:FF,11:22:33:44:55:66,1679,1564,1763,1,0,OK
3792,2025-12-02 11:58:37,AA:BB:CC:DD:EE:FF,11:22:33:44:55:66,1712,1588,1726,1,0,OK
3791,2025-12-02 11:58:37,AA:BB:CC:DD:EE:FF,11:22:33:44:55:66,1768,1604,1691,1,0,OK
3790,2025-12-02 11:58:37,AA:BB:CC:DD:EE:FF,11:22:33:44:55:66,1809,1669,1648,1,0,OK
3789,2025-12-02 11:58:36,AA:BB:CC:DD:EE:FF,11:22:33:44:55:66,1798,1666,1607,1,0,OK
3788,2025-12-02 11:58:36,AA:BB:CC:DD:EE:FF,11:22:33:44:55:66,1782,1658,1588,1,0,OK
3787,2025-12-02 11:58:36,AA:BB:CC:DD:EE:FF,11:22:33:44:55:66,1745,1632,1586,1,0,OK
3786,2025-12-02 11:58:36,AA:BB:CC:DD:EE:FF,11:22:33:44:55:66,1701,1582,1619,1,0,OK
3785,2025-12-02 11:58:36,AA:BB:CC:DD:EE:FF,11:22:33:44:55:66,1717,1633,1650,1,0,OK
3784,2025-12-02 11:58:36,AA:BB:CC:DD:EE:FF,11:22:33:44:55:66,1729,1628,1682,1,0,OK
3783,2025-12-02 11:58:36,AA:BB:CC:DD:EE:FF,11:22:33:44:55:66,1689,1600,1704,1,0,OK
3782,2025-12-02 11:58:36,AA:BB:CC:DD:EE:FF,11:22:33:44:55:66,1571,1631,1748,1,0,OK
3781,2025-12-02 11:58:36,AA:BB:CC:DD:EE:FF,11:22:33:44:55:66,2816,2833,2822,1,0,OK
3780,2025-12-02 11:58:36,AA:BB:CC:DD:EE:FF,11:22:33:44:55:66,2593,2460,2612,1,0,OK
3779,2025-12-02 11:58:35,AA:BB:CC:DD:EE:FF,11:22:33:44:55:66,1512,1567,1778,1,0,OK
3778,2025-12-02 11:58:35,AA:BB:CC:DD:EE:FF,11:22:33:44:55:66,1454,1458,1783,1,0,OK
3777,2025-12-02 11:58:35,AA:BB:CC:DD:EE:FF,11:22:33:44:55:66,1404,1441,1780,1,0,OK
3776,2025-12-02 11:58:35,AA:BB:CC:DD:EE:FF,11:22:33:44:55:66,1453,1479,1808,1,0,OK
3775,2025-12-02 11:58:35,AA:BB:CC:DD:EE:FF,11:22:33:44:55:66,1294,1298,1704,1,0,OK
3774,2025-12-02 11:58:35,AA:BB:CC:DD:EE:FF,11:22:33:44:55:66,1224,1287,1644,1,0,OK
3773,2025-12-02 11:58:35,AA:BB:CC:DD:EE:FF,11:22:33:44:55:66,1264,1334,1653,1,0,OK
3772,2025-12-02 11:58:35,AA:BB:CC:DD:EE:FF,11:22:33:44:55:66,1271,1327,1662,1,0,OK
3771,2025-12-02 11:58:34,AA:BB:CC:DD:EE:FF,11:22:33:44:55:66,1282,1350,1660,1,0,OK
3770,2025-12-02 11:58:34,AA:BB:CC:DD:EE:FF,11:22:33:44:55:66,1297,1351,1675,1,0,OK
3769,2025-12-02 11:58:34,AA:BB:CC:DD:EE:FF,11:22:33:44:55:66,1314,1323,1685,1,0,OK
3768,2025-12-02 11:58:34,AA:BB:CC:DD:EE:FF,11:22:33:44:55:66,1328,1307,1692,1,0,OK
3767,2025-12-02 11:58:34,AA:BB:CC:DD:EE:FF,11:22:33:44:55:66,1341,1322,1691,1,0,OK
3766,2025-12-02 11:58:34,AA:BB:CC:DD:EE:FF,11:22:33:44:55:66,1324,1294,1708,1,0,OK
3765,2025-12-02 11:58:34,AA:BB:CC:DD:EE:FF,11:22:33:44:55:66,1409,1351,1755,1,0,OK
3764,2025-12-02 11:58:34,AA:BB:CC:DD:EE:FF,11:22:33:44:55:66,1444,1399,1764,1,0,OK
3763,2025-12-02 11:58:33,AA:BB:CC:DD:EE:FF,11:22:33:44:55:66,1451,1405,1782,1,0,OK
3762,2025-12-02 11:58:33,AA:BB:CC:DD:EE:FF,11:22:33:44:55:66,1427,1349,1757,1,0,OK
3761,2025-12-02 11:58:33,AA:BB:CC:DD:EE:FF,11:22:33:44:55:66,1466,1393,1778,1,0,OK
3760,2025-12-02 11:58:33,AA:BB:CC:DD:EE:FF,11:22:33:44:55:66,1492,1426,1798,1,0,OK
3759,2025-12-02 11:58:33,AA:BB:CC:DD:EE:FF,11:22:33:44:55:66,1479,1424,1788,1,0,OK
3758,2025-12-02 11:58:33,AA:BB:CC:DD:EE:FF,11:22:33:44:55:66,1476,1405,1792,1,0,OK
3757,2025-12-02 11:58:33,AA:BB:CC:DD:EE:FF,11:22:33:44:55:66,1493,1415,1799,1,0,OK
3756,2025-12-02 11:58:33,AA:BB:CC:DD:EE:FF,11:22:33:44:55:66,1483,1412,1792,1,0,OK
3755,2025-12-02 11:58:33,AA:BB:CC:DD:EE:FF,11:22:33:44:55:66,1483,1424,1791,1,0,OK
3754,2025-12-02 11:58:32,AA:BB:CC:DD:EE:FF,11:22:33:44:55:66,1493,1437,1795,1,0,OK
3753,2025-12-02 11:58:32,AA:BB:CC:DD:EE:FF,11:22:33:44:55:66,1507,1458,1803,1,0,OK
3752,2025-12-02 11:58:32,AA:BB:CC:DD:EE:FF,11:22:33:44:55:66,1492,1444,1800,1,0,OK
3751,2025-12-02 11:58:32,AA:BB:CC:DD:EE:FF,11:22:33:44:55:66,1505,1453,1810,1,0,OK
3750,2025-12-02 11:58:32,AA:BB:CC:DD:EE:FF,11:22:33:44:55:66,1487,1453,1795,1,0,OK
3749,2025-12-02 11:58:32,AA:BB:CC:DD:EE:FF,11:22:33:44:55:66,1498,1460,1805,1,0,OK
3748,2025-12-02 11:58:32,AA:BB:CC:DD:EE:FF,11:22:33:44:55:66,1480,1444,1799,1,0,OK
3747,2025-12-02 11:58:32,AA:BB:CC:DD:EE:FF,11:22:33:44:55:66,1498,1445,1799,1,0,OK
3746,2025-12-02 11:58:32,AA:BB:CC:DD:EE:FF,11:22:33:44:55:66,1494,1460,1812,1,0,OK
3745,2025-12-02 11:58:31,AA:BB:CC:DD:EE:FF,11:22:33:44:55:66,1476,1455,1800,1,0,OK
3744,2025-12-02 11:58:31,AA:BB:CC:DD:EE:FF,11:22:33:44:55:66,1484,1444,1817,1,0,OK
3743,2025-12-02 11:58:31,AA:BB:CC:DD:EE:FF,11:22:33:44:55:66,1502,1461,1795,1,0,OK
3742,2025-12-02 11:58:31,AA:BB:CC:DD:EE:FF,11:22:33:44:55:66,1503,1474,1804,1,0,OK
3741,2025-12-02 11:58:31,AA:BB:CC:DD:EE:FF,11:22:33:44:55:66,1543,1578,1814,1,0,OK
3740,2025-12-02 11:58:31,AA:BB:CC:DD:EE:FF,11:22:33:44:55:66,1546,1564,1803,1,0,OK
3739,2025-12-02 11:58:31,AA:BB:CC:DD:EE:FF,11:22:33:44:55:66,1539,1583,1778,1,0,OK
3738,2025-12-02 11:58:31,AA:BB:CC:DD:EE:FF,11:22:33:44:55:66,1551,1578,1778,1,0,OK
3737,2025-12-02 11:58:31,AA:BB:CC:DD:EE:FF,11:22:33:44:55:66,1572,1581,1800,1,0,OK
3736,2025-12-02 11:58:30,AA:BB:CC:DD:EE:FF,11:22:33:44:55:66,1575,1598,1779,1,0,OK
3735,2025-12-02 11:58:30,AA:BB:CC:DD:EE:FF,11:22:33:44:55:66,1571,1589,1774,1,0,OK
3734,2025-12-02 11:58:30,AA:BB:CC:DD:EE:FF,11:22:33:44:55:66,1558,1573,1770,1,0,OK
3733,2025-12-02 11:58:30,AA:BB:CC:DD:EE:FF,11:22:33:44:55:66,1596,1607,1775,1,0,OK
3732,2025-12-02 11:58:30,AA:BB:CC:DD:EE:FF,11:22:33:44:55:66,1570,1575,1783,1,0,OK
3731,2025-12-02 11:58:30,AA:BB:CC:DD:EE:FF,11:22:33:44:55:66,1527,1545,1770,1,0,OK
3730,2025-12-02 11:58:30,AA:BB:CC:DD:EE:FF,11:22:33:44:55:66,1480,1564,1802,1,0,OK
3729,2025-12-02 11:58:30,AA:BB:CC:DD:EE:FF,11:22:33:44:55:66,1512,1524,1799,1,0,OK
3728,2025-12-02 11:58:30,AA:BB:CC:DD:EE:FF,11:22:33:44:55:66,1508,1532,1791,1,0,OK
3727,2025-12-02 11:58:29,AA:BB:CC:DD:EE:FF,11:22:33:44:55:66,1512,1528,1792,1,0,OK
3726,2025-12-02 11:58:29,AA:BB:CC:DD:EE:FF,11:22:33:44:55:66,1478,1550,1799,1,0,OK
3725,2025-12-02 11:58:29,AA:BB:CC:DD:EE:FF,11:22:33:44:55:66,1480,1512,1785,1,0,OK
3724,2025-12-02 11:58:29,AA:BB:CC:DD:EE:FF,11:22:33:44:55:66,1487,1538,1800,1,0,OK
3723,2025-12-02 11:58:29,AA:BB:CC:DD:EE:FF,11:22:33:44:55:66,1482,1535,1800,1,0,OK
3722,2025-12-02 11:58:29,AA:BB:CC:DD:EE:FF,11:22:33:44:55:66,1475,1527,1807,1,0,OK
3721,2025-12-02 11:58:29,AA:BB:CC:DD:EE:FF,11:22:33:44:55:66,1480,1536,1798,1,0,OK
3720,2025-12-02 11:58:29,AA:BB:CC:DD:EE:FF,11:22:33:44:55:66,1481,1537,1795,1,0,OK
3719,2025-12-02 11:58:29,AA:BB:CC:DD:EE:FF,11:22:33:44:55:66,1490,1534,1800,1,0,OK
3718,2025-12-02 11:58:29,AA:BB:CC:DD:EE:FF,11:22:33:44:55:66,1475,1526,1800,1,0,OK
3717,2025-12-02 11:58:28,AA:BB:CC:DD:EE:FF,11:22:33:44:55:66,1482,1534,1800,1,0,OK
3716,2025-12-02 11:58:28,AA:BB:CC:DD:EE:FF,11:22:33:44:55:66,1483,1530,1795,1,0,OK
3715,2025-12-02 11:58:28,AA:BB:CC:DD:EE:FF,11:22:33:44:55:66,1417,1665,1845,1,0,OK
3714,2025-12-02 11:58:28,AA:BB:CC:DD:EE:FF,11:22:33:44:55:66,1480,1543,1800,1,0,OK
3713,2025-12-02 11:58:28,AA:BB:CC:DD:EE:FF,11:22:33:44:55:66,1483,1545,1807,1,0,OK
3712,2025-12-02 11:58:28,AA:BB:CC:DD:EE:FF,11:22:33:44:55:66,1465,1535,1792,1,0,OK
3711,2025-12-02 11:58:28,AA:BB:CC:DD:EE:FF,11:22:33:44:55:66,1486,1538,1807,1,0,OK
3710,2025-12-02 11:58:28,AA:BB:CC:DD:EE:FF,11:22:33:44:55:66,1486,1533,1801,1,0,OK
3709,2025-12-02 11:58:28,AA:BB:CC:DD:EE:FF,11:22:33:44:55:66,1487,1541,1801,1,0,OK
3708,2025-12-02 11:58:27,AA:BB:CC:DD:EE:FF,11:22:33:44:55:66,1474,1546,1807,1,0,OK
3707,2025-12-02 11:58:27,AA:BB:CC:DD:EE:FF,11:22:33:44:55:66,1481,1528,1800,1,0,OK
3706,2025-12-02 11:58:27,AA:BB:CC:DD:EE:FF,11:22:33:44:55:66,1475,1538,1797,1,0,OK
3705,2025-12-02 11:58:27,AA:BB:CC:DD:EE:FF,11:22:33:44:55:66,1475,1542,1814,1,0,OK
3704,2025-12-02 11:58:27,AA:BB:CC:DD:EE:FF,11:22:33:44:55:66,1479,1532,1821,1,0,OK
3703,2025-12-02 11:58:27,AA:BB:CC:DD:EE:FF,11:22:33:44:55:66,1469,1531,1800,1,0,OK
3702,2025-12-02 11:58:27,AA:BB:CC:DD:EE:FF,11:22:33:44:55:66,1476,1531,1800,0,0,OK
3701,2025-12-02 11:58:27,AA:BB:CC:DD:EE:FF,11:22:33:44:55:66,1468,1532,1792,0,0,OK
3700,2025-12-02 11:58:27,AA:BB:CC:DD:EE:FF,11:22:33:44:55:66,1480,1539,1806,0,0,OK
3699,2025-12-02 11:58:26,AA:BB:CC:DD:EE:FF,11:22:33:44:55:66,1483,1531,1809,0,0,OK
3698,2025-12-02 11:58:26,AA:BB:CC:DD:EE:FF,11:22:33:44:55:66,1475,1538,1798,0,0,OK
3697,2025-12-02 11:58:26,AA:BB:CC:DD:EE:FF,11:22:33:44:55:66,1486,1560,1806,0,0,OK
3696,2025-12-02 11:58:26,AA:BB:CC:DD:EE:FF,11:22:33:44:55:66,1497,1552,1810,0,0,OK
3695,2025-12-02 11:58:26,AA:BB:CC:DD:EE:FF,11:22:33:44:55:66,1476,1531,1800,0,0,OK
3694,2025-12-02 11:58:26,AA:BB:CC:DD:EE:FF,11:22:33:44:55:66,1469,1537,1802,0,0,OK
3693,2025-12-02 11:58:26,AA:BB:CC:DD:EE:FF,11:22:33:44:55:66,1475,1529,1798,0,0,OK
3692,2025-12-02 11:58:26,AA:BB:CC:DD:EE:FF,11:22:33:44:55:66,1475,1528,1805,0,0,OK
3691,2025-12-02 11:58:26,AA:BB:CC:DD:EE:FF,11:22:33:44:55:66,1473,1524,1801,0,0,OK
3690,2025-12-02 11:58:26,AA:BB:CC:DD:EE:FF,11:22:33:44:55:66,1469,1522,1792,0,0,OK
3689,2025-12-02 11:58:25,AA:BB:CC:DD:EE:FF,11:22:33:44:55:66,1479,1539,1808,0,0,OK
3688,2025-12-02 11:58:25,AA:BB:CC:DD:EE:FF,11:22:33:44:55:66,1472,1539,1804,0,0,OK
3687,2025-12-02 11:58:25,AA:BB:CC:DD:EE:FF,11:22:33:44:55:66,1468,1553,1801,0,0,OK
3686,2025-12-02 11:58:25,AA:BB:CC:DD:EE:FF,11:22:33:44:55:66,1466,1538,1795,0,0,OK
3685,2025-12-02 11:58:25,AA:BB:CC:DD:EE:FF,11:22:33:44:55:66,1468,1543,1801,0,0,OK
3684,2025-12-02 11:58:25,AA:BB:CC:DD:EE:FF,11:22:33:44:55:66,1466,1543,1806,0,0,OK
3683,2025-12-02 11:58:25,AA:BB:CC:DD:EE:FF,11:22:33:44:55:66,1459,1528,1800,0,0,OK
3682,2025-12-02 11:58:25,AA:BB:CC:DD:EE:FF,11:22:33:44:55:66,1461,1533,1793,0,0,OK
3681,2025-12-02 11:58:25,AA:BB:CC:DD:EE:FF,11:22:33:44:55:66,1450,1534,1790,0,0,OK
3680,2025-12-02 11:58:24,AA:BB:CC:DD:EE:FF,11:22:33:44:55:66,1484,1551,1800,0,0,OK
3679,2025-12-02 11:58:24,AA:BB:CC:DD:EE:FF,11:22:33:44:55:66,1465,1543,1802,0,0,OK
3678,2025-12-02 11:58:24,AA:BB:CC:DD:EE:FF,11:22:33:44:55:66,1464,1535,1789,0,0,OK
3677,2025-12-02 11:58:24,AA:BB:CC:DD:EE:FF,11:22:33:44:55:66,1480,1560,1796,0,0,OK
3676,2025-12-02 11:58:24,AA:BB:CC:DD:EE:FF,11:22:33:44:55:66,1464,1561,1800,0,0,OK
3675,2025-12-02 11:58:24,AA:BB:CC:DD:EE:FF,11:22:33:44:55:66,1451,1570,1781,0,0,OK
3674,2025-12-02 11:58:24,AA:BB:CC:DD:EE:FF,11:22:33:44:55:66,1490,1571,1821,0,0,OK
3673,2025-12-02 11:58:24,AA:BB:CC:DD:EE:FF,11:22:33:44:55:66,1438,1578,1776,0,0,OK
3672,2025-12-02 11:58:24,AA:BB:CC:DD:EE:FF,11:22:33:44:55:66,1456,1581,1791,0,0,OK
3671,2025-12-02 11:58:24,AA:BB:CC:DD:EE:FF,11:22:33:44:55:66,1493,1636,1785,0,0,OK
3670,2025-12-02 11:58:23,AA:BB:CC:DD:EE:FF,11:22:33:44:55:66,1471,1619,1788,0,0,OK
3669,2025-12-02 11:58:23,AA:BB:CC:DD:EE:FF,11:22:33:44:55:66,1455,1607,1800,0,0,OK
3668,2025-12-02 11:58:23,AA:BB:CC:DD:EE:FF,11:22:33:44:55:66,1448,1539,1767,0,0,OK
3667,2025-12-02 11:58:23,AA:BB:CC:DD:EE:FF,11:22:33:44:55:66,1462,1624,1794,0,0,OK
3666,2025-12-02 11:58:23,AA:BB:CC:DD:EE:FF,11:22:33:44:55:66,1477,1585,1789,0,0,OK
3665,2025-12-02 11:58:23,AA:BB:CC:DD:EE:FF,11:22:33:44:55:66,1487,1605,1797,0,0,OK
3664,2025-12-02 11:58:23,AA:BB:CC:DD:EE:FF,11:22:33:44:55:66,1487,1600,1790,0,0,OK
3663,2025-12-02 11:58:23,AA:BB:CC:DD:EE:FF,11:22:33:44:55:66,1503,1612,1797,0,0,OK
3662,2025-12-02 11:58:23,AA:BB:CC:DD:EE:FF,11:22:33:44:55:66,1512,1589,1801,0,0,OK
3661,2025-12-02 11:58:22,AA:BB:CC:DD:EE:FF,11:22:33:44:55:66,1519,1598,1792,0,0,OK
3660,2025-12-02 11:58:22,AA:BB:CC:DD:EE:FF,11:22:33:44:55:66,1511,1596,1789,0,0,OK
3659,2025-12-02 11:58:22,AA:BB:CC:DD:EE:FF,11:22:33:44:55:66,1504,1578,1785,0,0,OK
3658,2025-12-02 11:58:22,AA:BB:CC:DD:EE:FF,11:22:33:44:55:66,1525,1575,1800,0,0,OK
3657,2025-12-02 11:58:22,AA:BB:CC:DD:EE:FF,11:22:33:44:55:66,1516,1573,1767,0,0,OK
3656,2025-12-02 11:58:22,AA:BB:CC:DD:EE:FF,11:22:33:44:55:66,1509,1696,1795,0,0,OK
3655,2025-12-02 11:58:22,AA:BB:CC:DD:EE:FF,11:22:33:44:55:66,1514,1609,1771,0,0,OK
3654,2025-12-02 11:58:22,AA:BB:CC:DD:EE:FF,11:22:33:44:55:66,1516,1503,1736,0,0,OK
3653,2025-12-02 11:58:22,AA:BB:CC:DD:EE:FF,11:22:33:44:55:66,1519,1670,1712,0,0,OK
3652,2025-12-02 11:58:22,AA:BB:CC:DD:EE:FF,11:22:33:44:55:66,1535,1659,1728,0,0,OK
3651,2025-12-02 11:58:21,AA:BB:CC:DD:EE:FF,11:22:33:44:55:66,1572,1749,1764,0,0,OK
3650,2025-12-02 11:58:21,AA:BB:CC:DD:EE:FF,11:22:33:44:55:66,1567,1759,1770,0,0,OK
3649,2025-12-02 11:58:21,AA:BB:CC:DD:EE:FF,11:22:33:44:55:66,1521,1733,1712,0,0,OK
3648,2025-12-02 11:58:21,AA:BB:CC:DD:EE:FF,11:22:33:44:55:66,1524,1683,1733,0,0,OK
3647,2025-12-02 11:58:21,AA:BB:CC:DD:EE:FF,11:22:33:44:55:66,1529,1712,1743,0,0,OK
3646,2025-12-02 11:58:21,AA:BB:CC:DD:EE:FF,11:22:33:44:55:66,1543,1773,1802,0,0,OK
3645,2025-12-02 11:58:21,AA:BB:CC:DD:EE:FF,11:22:33:44:55:66,1532,1683,1785,0,0,OK
3644,2025-12-02 11:58:21,AA:BB:CC:DD:EE:FF,11:22:33:44:55:66,1521,1644,1807,0,0,OK
3643,2025-12-02 11:58:21,AA:BB:CC:DD:EE:FF,11:22:33:44:55:66,1495,1654,1791,0,0,OK
3642,2025-12-02 11:58:20,AA:BB:CC:DD:EE:FF,11:22:33:44:55:66,1494,1589,1803,0,0,OK
3641,2025-12-02 11:58:20,AA:BB:CC:DD:EE:FF,11:22:33:44:55:66,1498,1468,1798,0,0,OK
3640,2025-12-02 11:58:20,AA:BB:CC:DD:EE:FF,11:22:33:44:55:66,1487,1451,1785,0,0,OK
3639,2025-12-02 11:58:20,AA:BB:CC:DD:EE:FF,11:22:33:44:55:66,1508,1504,1794,0,0,OK
3638,2025-12-02 11:58:20,AA:BB:CC:DD:EE:FF,11:22:33:44:55:66,1528,1309,1714,0,0,OK
3637,2025-12-02 11:58:20,AA:BB:CC:DD:EE:FF,11:22:33:44:55:66,1521,1664,1759,0,0,OK
3636,2025-12-02 11:58:20,AA:BB:CC:DD:EE:FF,11:22:33:44:55:66,1576,1814,1743,0,0,OK
3635,2025-12-02 11:58:20,AA:BB:CC:DD:EE:FF,11:22:33:44:55:66,1543,1713,1692,0,0,OK
3634,2025-12-02 11:58:20,AA:BB:CC:DD:EE:FF,11:22:33:44:55:66,1575,1739,1705,0,0,OK
3633,2025-12-02 11:58:20,AA:BB:CC:DD:EE:FF,11:22:33:44:55:66,1595,1778,1741,0,0,OK
3632,2025-12-02 11:58:19,AA:BB:CC:DD:EE:FF,11:22:33:44:55:66,1533,1697,1755,0,0,OK
3631,2025-12-02 11:58:19,AA:BB:CC:DD:EE:FF,11:22:33:44:55:66,1500,1627,1802,0,0,OK
3630,2025-12-02 11:58:19,AA:BB:CC:DD:EE:FF,11:22:33:44:55:66,1511,1582,1813,0,0,OK
3629,2025-12-02 11:58:19,AA:BB:CC:DD:EE:FF,11:22:33:44:55:66,1438,1241,1745,0,0,OK
3628,2025-12-02 11:58:19,AA:BB:CC:DD:EE:FF,11:22:33:44:55:66,1466,1332,1763,0,0,OK
3627,2025-12-02 11:58:19,AA:BB:CC:DD:EE:FF,11:22:33:44:55:66,1396,1110,1565,0,0,OK
3626,2025-12-02 11:58:19,AA:BB:CC:DD:EE:FF,11:22:33:44:55:66,1465,1139,1495,0,0,OK
3625,2025-12-02 11:58:19,AA:BB:CC:DD:EE:FF,11:22:33:44:55:66,1471,1182,1492,0,0,OK
3624,2025-12-02 11:58:19,AA:BB:CC:DD:EE:FF,11:22:33:44:55:66,1487,1164,1509,0,0,OK
3623,2025-12-02 11:58:19,AA:BB:CC:DD:EE:FF,11:22:33:44:55:66,1531,1202,1564,0,0,OK
3622,2025-12-02 11:58:18,AA:BB:CC:DD:EE:FF,11:22:33:44:55:66,1580,1234,1580,0,0,OK
3621,2025-12-02 11:58:18,AA:BB:CC:DD:EE:FF,11:22:33:44:55:66,1575,1142,1591,0,0,OK
3620,2025-12-02 11:58:18,AA:BB:CC:DD:EE:FF,11:22:33:44:55:66,1610,1284,1651,0,0,OK
3619,2025-12-02 11:58:18,AA:BB:CC:DD:EE:FF,11:22:33:44:55:66,1604,1306,1693,0,0,OK
3618,2025-12-02 11:58:18,AA:BB:CC:DD:EE:FF,11:22:33:44:55:66,1584,1454,1792,0,0,OK
3617,2025-12-02 11:58:18,AA:BB:CC:DD:EE:FF,11:22:33:44:55:66,1510,1498,1786,0,0,OK
3616,2025-12-02 11:58:18,AA:BB:CC:DD:EE:FF,11:22:33:44:55:66,1545,1493,1765,0,0,OK
3615,2025-12-02 11:58:18,AA:BB:CC:DD:EE:FF,11:22:33:44:55:66,1490,1553,1863,0,0,OK
3614,2025-12-02 11:58:17,AA:BB:CC:DD:EE:FF,11:22:33:44:55:66,1454,1613,1729,0,0,OK
3613,2025-12-02 11:58:17,AA:BB:CC:DD:EE:FF,11:22:33:44:55:66,1572,1733,1742,0,0,OK
3612,2025-12-02 11:58:17,AA:BB:CC:DD:EE:FF,11:22:33:44:55:66,1560,1867,1720,0,0,OK
3611,2025-12-02 11:58:17,AA:BB:CC:DD:EE:FF,11:22:33:44:55:66,1585,1821,1713,0,0,OK
3610,2025-12-02 11:58:17,AA:BB:CC:DD:EE:FF,11:22:33:44:55:66,1618,1764,1724,0,0,OK
3609,2025-12-02 11:58:17,AA:BB:CC:DD:EE:FF,11:22:33:44:55:66,1534,1632,1722,0,0,OK
3608,2025-12-02 11:58:17,AA:BB:CC:DD:EE:FF,11:22:33:44:55:66,1658,1549,1715,0,0,OK
3607,2025-12-02 11:58:17,AA:BB:CC:DD:EE:FF,11:22:33:44:55:66,1701,1448,1654,0,0,OK
3606,2025-12-02 11:58:16,AA:BB:CC:DD:EE:FF,11:22:33:44:55:66,1727,1531,1646,0,0,OK
3605,2025-12-02 11:58:16,AA:BB:CC:DD:EE:FF,11:22:33:44:55:66,1739,1538,1680,0,0,OK
3604,2025-12-02 11:58:16,AA:BB:CC:DD:EE:FF,11:22:33:44:55:66,1714,1565,1676,0,0,OK
3603,2025-12-02 11:58:16,AA:BB:CC:DD:EE:FF,11:22:33:44:55:66,1745,1561,1685,0,0,OK
3602,2025-12-02 11:58:16,AA:BB:CC:DD:EE:FF,11:22:33:44:55:66,1720,1574,1693,0,0,OK
3601,2025-12-02 11:58:16,AA:BB:CC:DD:EE:FF,11:22:33:44:55:66,1693,1576,1726,0,0,OK
3600,2025-12-02 11:58:16,AA:BB:CC:DD:EE:FF,11:22:33:44:55:66,1649,1627,1738,0,0,OK
3599,2025-12-02 11:58:16,AA:BB:CC:DD:EE:FF,11:22:33:44:55:66,1683,1422,1832,0,0,OK
3598,2025-12-02 11:58:15,AA:BB:CC:DD:EE:FF,11:22:33:44:55:66,1556,1647,1756,0,0,OK
3597,2025-12-02 11:58:15,AA:BB:CC:DD:EE:FF,11:22:33:44:55:66,2765,2855,2850,0,0,OK
3596,2025-12-02 11:58:15,AA:BB:CC:DD:EE:FF,11:22:33:44:55:66,1640,1626,1729,0,0,OK
3595,2025-12-02 11:58:15,AA:BB:CC:DD:EE:FF,11:22:33:44:55:66,1359,1753,1687,0,0,OK
3594,2025-12-02 11:58:15,AA:BB:CC:DD:EE:FF,11:22:33:44:55:66,1381,1690,1622,0,0,OK
3593,2025-12-02 11:58:15,AA:BB:CC:DD:EE:FF,11:22:33:44:55:66,1324,1746,1545,0,0,OK
3592,2025-12-02 11:58:15,AA:BB:CC:DD:EE:FF,11:22:33:44:55:66,2854,2625,2620,0,0,OK
3591,2025-12-02 11:58:15,AA:BB:CC:DD:EE:FF,11:22:33:44:55:66,2834,2656,2659,0,0,OK
3590,2025-12-02 11:58:14,AA:BB:CC:DD:EE:FF,11:22:33:44:55:66,2816,2736,2729,0,0,OK
3589,2025-12-02 11:58:14,AA:BB:CC:DD:EE:FF,11:22:33:44:55:66,2765,2847,2841,0,0,OK
3588,2025-12-02 11:58:14,AA:BB:CC:DD:EE:FF,11:22:33:44:55:66,2032,2355,2176,0,0,OK
3587,2025-12-02 11:58:14,AA:BB:CC:DD:EE:FF,11:22:33:44:55:66,1362,1760,1368,0,0,OK
3586,2025-12-02 11:58:14,AA:BB:CC:DD:EE:FF,11:22:33:44:55:66,1385,1752,1362,0,0,OK
3585,2025-12-02 11:58:14,AA:BB:CC:DD:EE:FF,11:22:33:44:55:66,1384,1750,1359,0,0,OK
3584,2025-12-02 11:58:14,AA:BB:CC:DD:EE:FF,11:22:33:44:55:66,1389,1750,1361,0,0,OK
3583,2025-12-02 11:58:14,AA:BB:CC:DD:EE:FF,11:22:33:44:55:66,1391,1750,1356,0,0,OK
3582,2025-12-02 11:58:14,AA:BB:CC:DD:EE:FF,11:22:33:44:55:66,1386,1759,1363,0,0,OK
3581,2025-12-02 11:58:14,AA:BB:CC:DD:EE:FF,11:22:33:44:55:66,1377,1750,1363,0,0,OK
3580,2025-12-02 11:58:13,AA:BB:CC:DD:EE:FF,11:22:33:44:55:66,1384,1750,1362,0,0,OK
3579,2025-12-02 11:58:13,AA:BB:CC:DD:EE:FF,11:22:33:44:55:66,1378,1749,1360,0,0,OK
3578,2025-12-02 11:58:13,AA:BB:CC:DD:EE:FF,11:22:33:44:55:66,1377,1741,1363,0,0,OK
3577,2025-12-02 11:58:13,AA:BB:CC:DD:EE:FF,11:22:33:44:55:66,1386,1755,1357,0,0,OK
3576,2025-12-02 11:58:13,AA:BB:CC:DD:EE:FF,11:22:33:44:55:66,1383,1754,1357,0,0,OK
3575,2025-12-02 11:58:13,AA:BB:CC:DD:EE:FF,11:22:33:44:55:66,1381,1754,1363,0,0,OK
3574,2025-12-02 11:58:13,AA:BB:CC:DD:EE:FF,11:22:33:44:55:66,1386,1751,1358,0,0,OK
3573,2025-12-02 11:58:13,AA:BB:CC:DD:EE:FF,11:22:33:44:55:66,1390,1752,1362,0,0,OK
3572,2025-12-02 11:58:13,AA:BB:CC:DD:EE:FF,11:22:33:44:55:66,1392,1749,1359,0,0,OK
3571,2025-12-02 11:58:12,AA:BB:CC:DD:EE:FF,11:22:33:44:55:66,1385,1754,1359,0,0,OK
3570,2025-12-02 11:58:12,AA:BB:CC:DD:EE:FF,11:22:33:44:55:66,1384,1751,1362,0,0,OK
3569,2025-12-02 11:58:12,AA:BB:CC:DD:EE:FF,11:22:33:44:55:66,1378,1754,1364,0,0,OK
3568,2025-12-02 11:58:12,AA:BB:CC:DD:EE:FF,11:22:33:44:55:66,1390,1755,1359,0,0,OK
3567,2025-12-02 11:58:12,AA:BB:CC:DD:EE:FF,11:22:33:44:55:66,1384,1750,1363,0,0,OK
3566,2025-12-02 11:58:12,AA:BB:CC:DD:EE:FF,11:22:33:44:55:66,1380,1742,1361,0,0,OK
3565,2025-12-02 11:58:12,AA:BB:CC:DD:EE:FF,11:22:33:44:55:66,1383,1749,1356,0,0,OK
3564,2025-12-02 11:58:12,AA:BB:CC:DD:EE:FF,11:22:33:44:55:66,1380,1748,1360,0,0,OK
3563,2025-12-02 11:58:12,AA:BB:CC:DD:EE:FF,11:22:33:44:55:66,1384,1750,1356,0,0,OK
3562,2025-12-02 11:58:12,AA:BB:CC:DD:EE:FF,11:22:33:44:55:66,1388,1749,1359,0,0,OK
3561,2025-12-02 11:58:11,AA:BB:CC:DD:EE:FF,11:22:33:44:55:66,1385,1749,1360,0,0,OK
3560,2025-12-02 11:58:11,AA:BB:CC:DD:EE:FF,11:22:33:44:55:66,1380,1749,1357,0,0,OK
3559,2025-12-02 11:58:11,AA:BB:CC:DD:EE:FF,11:22:33:44:55:66,1384,1754,1364,0,0,OK
3558,2025-12-02 11:58:11,AA:BB:CC:DD:EE:FF,11:22:33:44:55:66,1382,1752,1364,0,0,OK
3557,2025-12-02 11:58:11,AA:BB:CC:DD:EE:FF,11:22:33:44:55:66,1377,1751,1364,0,0,OK
3556,2025-12-02 11:58:11,AA:BB:CC:DD:EE:FF,11:22:33:44:55:66,1386,1753,1367,0,0,OK
3555,2025-12-02 11:58:11,AA:BB:CC:DD:EE:FF,11:22:33:44:55:66,1386,1754,1359,0,0,OK
3554,2025-12-02 11:58:11,AA:BB:CC:DD:EE:FF,11:22:33:44:55:66,1382,1754,1364,0,0,OK
3553,2025-12-02 11:58:11,AA:BB:CC:DD:EE:FF,11:22:33:44:55:66,1384,1753,1359,0,0,OK
3552,2025-12-02 11:58:10,AA:BB:CC:DD:EE:FF,11:22:33:44:55:66,1392,1749,1356,0,0,OK
3551,2025-12-02 11:58:10,AA:BB:CC:DD:EE:FF,11:22:33:44:55:66,1385,1746,1360,0,0,OK
3550,2025-12-02 11:58:10,AA:BB:CC:DD:EE:FF,11:22:33:44:55:66,1386,1747,1357,0,0,OK
3549,2025-12-02 11:58:10,AA:BB:CC:DD:EE:FF,11:22:33:44:55:66,1383,1752,1363,0,0,OK
3548,2025-12-02 11:58:10,AA:BB:CC:DD:EE:FF,11:22:33:44:55:66,1383,1748,1359,0,0,OK
3547,2025-12-02 11:58:10,AA:BB:CC:DD:EE:FF,11:22:33:44:55:66,1381,1746,1360,0,0,OK
3546,2025-12-02 11:58:10,AA:BB:CC:DD:EE:FF,11:22:33:44:55:66,1380,1750,1359,0,0,OK
3545,2025-12-02 11:58:10,AA:BB:CC:DD:EE:FF,11:22:33:44:55:66,1384,1754,1361,0,0,OK
3544,2025-12-02 11:58:10,AA:BB:CC:DD:EE:FF,11:22:33:44:55:66,1384,1755,1359,0,0,OK
3543,2025-12-02 11:58:10,AA:BB:CC:DD:EE:FF,11:22:33:44:55:66,1381,1749,1364,0,0,OK
3542,2025-12-02 11:58:09,AA:BB:CC:DD:EE:FF,11:22:33:44:55:66,1382,1746,1360,0,0,OK
3541,2025-12-02 11:58:09,AA:BB:CC:DD:EE:FF,11:22:33:44:55:66,1379,1749,1360,0,0,OK
3540,2025-12-02 11:58:09,AA:BB:CC:DD:EE:FF,11:22:33:44:55:66,1377,1751,1364,0,0,OK
3539,2025-12-02 11:58:09,AA:BB:CC:DD:EE:FF,11:22:33:44:55:66,1382,1751,1364,0,0,OK
3538,2025-12-02 11:58:09,AA:BB:CC:DD:EE:FF,11:22:33:44:55:66,1379,1752,1359,0,0,OK
3537,2025-12-02 11:57:29,AA:BB:CC:DD:EE:FF,11:22:33:44:55:66,1384,1755,1359,0,0,OK
3536,2025-12-02 11:57:28,AA:BB:CC:DD:EE:FF,11:22:33:44:55:66,1385,1755,1364,0,0,OK
3535,2025-12-02 11:57:27,AA:BB:CC:DD:EE:FF,11:22:33:44:55:66,1384,1753,1364,0,0,OK
3534,2025-12-02 11:57:26,AA:BB:CC:DD:EE:FF,11:22:33:44:55:66,1381,1749,1360,0,0,OK
3533,2025-12-02 11:57:25,AA:BB:CC:DD:EE:FF,11:22:33:44:55:66,1385,1748,1361,0,0,OK
3532,2025-12-02 11:57:24,AA:BB:CC:DD:EE:FF,11:22:33:44:55:66,1379,1749,1363,0,0,OK
3531,2025-12-02 11:57:23,AA:BB:CC:DD:EE:FF,11:22:33:44:55:66,1383,1748,1362,0,0,OK
3530,2025-12-02 11:57:22,AA:BB:CC:DD:EE:FF,11:22:33:44:55:66,1393,1749,1357,0,0,OK
3529,2025-12-02 11:57:21,AA:BB:CC:DD:EE:FF,11:22:33:44:55:66,1388,1750,1363,0,0,OK
3528,2025-12-02 11:57:20,AA:BB:CC:DD:EE:FF,11:22:33:44:55:66,1380,1756,1364,0,0,OK
3527,2025-12-02 11:57:19,AA:BB:CC:DD:EE:FF,11:22:33:44:55:66,1385,1750,1363,0,0,OK
3526,2025-12-02 11:57:18,AA:BB:CC:DD:EE:FF,11:22:33:44:55:66,1384,1744,1362,0,0,OK
3525,2025-12-02 11:57:17,AA:BB:CC:DD:EE:FF,11:22:33:44:55:66,1381,1757,1359,0,0,OK
3524,2025-12-02 11:57:16,AA:BB:CC:DD:EE:FF,11:22:33:44:55:66,1386,1742,1357,0,0,OK
3523,2025-12-02 11:57:15,AA:BB:CC:DD:EE:FF,11:22:33:44:55:66,1387,1754,1362,0,0,OK
3522,2025-12-02 11:57:14,AA:BB:CC:DD:EE:FF,11:22:33:44:55:66,1388,1751,1364,0,0,OK
3521,2025-12-02 11:57:13,AA:BB:CC:DD:EE:FF,11:22:33:44:55:66,1381,1751,1365,0,0,OK
3520,2025-12-02 11:57:12,AA:BB:CC:DD:EE:FF,11:22:33:44:55:66,1383,1750,1365,0,0,OK
3519,2025-12-02 11:57:11,AA:BB:CC:DD:EE:FF,11:22:33:44:55:66,1382,1749,1364,0,0,OK
3518,2025-12-02 11:57:10,AA:BB:CC:DD:EE:FF,11:22:33:44:55:66,1385,1752,1363,0,0,OK
3517,2025-12-02 11:57:09,AA:BB:CC:DD:EE:FF,11:22:33:44:55:66,1388,1755,1364,0,0,OK
3516,2025-12-02 11:57:08,AA:BB:CC:DD:EE:FF,11:22:33:44:55:66,1383,1752,1363,0,0,OK
3515,2025-12-02 11:57:07,AA:BB:CC:DD:EE:FF,11:22:33:44:55:66,1380,1742,1357,0,0,OK
3514,2025-12-02 11:57:06,AA:BB:CC:DD:EE:FF,11:22:33:44:55:66,1384,1749,1364,0,0,OK
3513,2025-12-02 11:57:05,AA:BB:CC:DD:EE:FF,11:22:33:44:55:66,1379,1747,1363,0,0,OK
3512,2025-12-02 11:57:04,AA:BB:CC:DD:EE:FF,11:22:33:44:55:66,1379,1749,1359,0,0,OK
3511,2025-12-02 11:57:03,AA:BB:CC:DD:EE:FF,11:22:33:44:55:66,1386,1747,1356,0,0,OK
3510,2025-12-02 11:57:02,AA:BB:CC:DD:EE:FF,11:22:33:44:55:66,1387,1749,1359,0,0,OK
3509,2025-12-02 11:57:01,AA:BB:CC:DD:EE:FF,11:22:33:44:55:66,1377,1750,1364,0,0,OK
3508,2025-12-02 11:57:00,AA:BB:CC:DD:EE:FF,11:22:33:44:55:66,1383,1748,1364,0,0,OK
3507,2025-12-02 11:56:59,AA:BB:CC:DD:EE:FF,11:22:33:44:55:66,1380,1754,1364,0,0,OK
3506,2025-12-02 11:56:58,AA:BB:CC:DD:EE:FF,11:22:33:44:55:66,1379,1753,1364,0,0,OK
3505,2025-12-02 11:56:57,AA:BB:CC:DD:EE:FF,11:22:33:44:55:66,1383,1752,1359,0,0,OK
3504,2025-12-02 11:56:56,AA:BB:CC:DD:EE:FF,11:22:33:44:55:66,1384,1749,1361,0,0,OK
3503,2025-12-02 11:56:55,AA:BB:CC:DD:EE:FF,11:22:33:44:55:66,1384,1752,1364,0,0,OK
3502,2025-12-02 11:56:54,AA:BB:CC:DD:EE:FF,11:22:33:44:55:66,1388,1751,1363,0,0,OK
3501,2025-12-02 11:56:53,AA:BB:CC:DD:EE:FF,11:22:33:44:55:66,1377,1746,1356,0,0,OK
3500,2025-12-02 11:56:52,AA:BB:CC:DD:EE:FF,11:22:33:44:55:66,1383,1750,1362,0,0,OK
3499,2025-12-02 11:56:51,AA:BB:CC:DD:EE:FF,11:22:33:44:55:66,1381,1748,1364,0,0,OK
3498,2025-12-02 11:56:50,AA:BB:CC:DD:EE:FF,11:22:33:44:55:66,1385,1751,1363,0,0,OK
3497,2025-12-02 11:56:49,AA:BB:CC:DD:EE:FF,11:22:33:44:55:66,1377,1748,1360,0,0,OK
3496,2025-12-02 11:56:48,AA:BB:CC:DD:EE:FF,11:22:33:44:55:66,1378,1750,1361,0,0,OK
3495,2025-12-02 11:56:47,AA:BB:CC:DD:EE:FF,11:22:33:44:55:66,1379,1750,1359,0,0,OK
3494,2025-12-02 11:56:46,AA:BB:CC:DD:EE:FF,11:22:33:44:55:66,1379,1746,1361,0,0,OK
3493,2025-12-02 11:56:45,AA:BB:CC:DD:EE:FF,11:22:33:44:55:66,1384,1749,1358,0,0,OK
3492,2025-12-02 11:56:44,AA:BB:CC:DD:EE:FF,11:22:33:44:55:66,1385,1747,1357,0,0,OK
3491,2025-12-02 11:56:43,AA:BB:CC:DD:EE:FF,11:22:33:44:55:66,1392,1754,1356,0,0,OK
3490,2025-12-02 11:56:42,AA:BB:CC:DD:EE:FF,11:22:33:44:55:66,1385,1747,1356,0,0,OK
3489,2025-12-02 11:56:41,AA:BB:CC:DD:EE:FF,11:22:33:44:55:66,1377,1750,1358,0,0,OK
3488,2025-12-02 11:56:40,AA:BB:CC:DD:EE:FF,11:22:33:44:55:66,1386,1749,1356,0,0,OK
3487,2025-12-02 11:56:39,AA:BB:CC:DD:EE:FF,11:22:33:44:55:66,1382,1749,1364,0,0,OK
3486,2025-12-02 11:56:38,AA:BB:CC:DD:EE:FF,11:22:33:44:55:66,1388,1751,1361,0,0,OK
3485,2025-12-02 11:56:37,AA:BB:CC:DD:EE:FF,11:22:33:44:55:66,1385,1753,1355,0,0,OK
3484,2025-12-02 11:56:36,AA:BB:CC:DD:EE:FF,11:22:33:44:55:66,1380,1745,1364,0,0,OK
3483,2025-12-02 11:56:35,AA:BB:CC:DD:EE:FF,11:22:33:44:55:66,1387,1761,1359,0,0,OK
3482,2025-12-02 11:56:34,AA:BB:CC:DD:EE:FF,11:22:33:44:55:66,1382,1750,1359,0,0,OK
3481,2025-12-02 11:56:33,AA:BB:CC:DD:EE:FF,11:22:33:44:55:66,1388,1749,1358,0,0,OK
3480,2025-12-02 11:56:32,AA:BB:CC:DD:EE:FF,11:22:33:44:55:66,1380,1749,1359,0,0,OK
3479,2025-12-02 11:56:31,AA:BB:CC:DD:EE:FF,11:22:33:44:55:66,1387,1752,1362,0,0,OK
3478,2025-12-02 11:56:30,AA:BB:CC:DD:EE:FF,11:22:33:44:55:66,1388,1752,1359,0,0,OK
3477,2025-12-02 11:56:29,AA:BB:CC:DD:EE:FF,11:22:33:44:55:66,1381,1755,1363,0,0,OK
3476,2025-12-02 11:56:28,AA:BB:CC:DD:EE:FF,11:22:33:44:55:66,1386,1755,1371,0,0,OK
3475,2025-12-02 11:56:27,AA:BB:CC:DD:EE:FF,11:22:33:44:55:66,1382,1746,1361,0,0,OK
3474,2025-12-02 11:56:26,AA:BB:CC:DD:EE:FF,11:22:33:44:55:66,1382,1749,1358,0,0,OK
3473,2025-12-02 11:56:25,AA:BB:CC:DD:EE:FF,11:22:33:44:55:66,1385,1752,1359,0,0,OK
3472,2025-12-02 11:56:24,AA:BB:CC:DD:EE:FF,11:22:33:44:55:66,1386,1750,1364,0,0,OK
3471,2025-12-02 11:56:23,AA:BB:CC:DD:EE:FF,11:22:33:44:55:66,1389,1751,1360,0,0,OK
3470,2025-12-02 11:56:22,AA:BB:CC:DD:EE:FF,11:22:33:44:55:66,1387,1749,1357,0,0,OK
3469,2025-12-02 11:56:21,AA:BB:CC:DD:EE:FF,11:22:33:44:55:66,1384,1752,1356,0,0,OK
3468,2025-12-02 11:56:20,AA:BB:CC:DD:EE:FF,11:22:33:44:55:66,1385,1751,1364,0,0,OK
3467,2025-12-02 11:56:19,AA:BB:CC:DD:EE:FF,11:22:33:44:55:66,1388,1749,1360,0,0,OK
3466,2025-12-02 11:56:18,AA:BB:CC:DD:EE:FF,11:22:33:44:55:66,1385,1749,1360,0,0,OK
3465,2025-12-02 11:56:17,AA:BB:CC:DD:EE:FF,11:22:33:44:55:66,1380,1754,1365,0,0,OK
3464,2025-12-02 11:56:16,AA:BB:CC:DD:EE:FF,11:22:33:44:55:66,1388,1748,1360,0,0,OK
3463,2025-12-02 11:56:15,AA:BB:CC:DD:EE:FF,11:22:33:44:55:66,1384,1754,1360,0,0,OK
3462,2025-12-02 11:56:14,AA:BB:CC:DD:EE:FF,11:22:33:44:55:66,1386,1745,1363,0,0,OK
3461,2025-12-02 11:56:13,AA:BB:CC:DD:EE:FF,11:22:33:44:55:66,1382,1753,1360,0,0,OK
3460,2025-12-02 11:56:12,AA:BB:CC:DD:EE:FF,11:22:33:44:55:66,1384,1749,1361,0,0,OK
3459,2025-12-02 11:56:11,AA:BB:CC:DD:EE:FF,11:22:33:44:55:66,1385,1746,1355,0,0,OK
3458,2025-12-02 11:56:10,AA:BB:CC:DD:EE:FF,11:22:33:44:55:66,1379,1747,1360,0,0,OK
3457,2025-12-02 11:56:09,AA:BB:CC:DD:EE:FF,11:22:33:44:55:66,1384,1748,1364,0,0,OK
3456,2025-12-02 11:56:08,AA:BB:CC:DD:EE:FF,11:22:33:44:55:66,1387,1752,1362,0,0,OK
3455,2025-12-02 11:56:07,AA:BB:CC:DD:EE:FF,11:22:33:44:55:66,1384,1752,1363,0,0,OK
3454,2025-12-02 11:56:06,AA:BB:CC:DD:EE:FF,11:22:33:44:55:66,1386,1748,1360,0,0,OK
3453,2025-12-02 11:56:05,AA:BB:CC:DD:EE:FF,11:22:33:44:55:66,1390,1757,1357,0,0,OK
3452,2025-12-02 11:56:04,AA:BB:CC:DD:EE:FF,11:22:33:44:55:66,1386,1756,1362,0,0,OK
3451,2025-12-02 11:56:03,AA:BB:CC:DD:EE:FF,11:22:33:44:55:66,1380,1749,1357,0,0,OK
3450,2025-12-02 11:56:02,AA:BB:CC:DD:EE:FF,11:22:33:44:55:66,1392,1749,1359,0,0,OK
3449,2025-12-02 11:56:01,AA:BB:CC:DD:EE:FF,11:22:33:44:55:66,1382,1750,1357,0,0,OK
3448,2025-12-02 11:56:00,AA:BB:CC:DD:EE:FF,11:22:33:44:55:66,1381,1749,1360,0,0,OK
3447,2025-12-02 11:55:59,AA:BB:CC:DD:EE:FF,11:22:33:44:55:66,1390,1752,1359,0,0,OK
3446,2025-12-02 11:55:58,AA:BB:CC:DD:EE:FF,11:22:33:44:55:66,1387,1758,1361,0,0,OK
3445,2025-12-02 11:55:57,AA:BB:CC:DD:EE:FF,11:22:33:44:55:66,1386,1750,1358,0,0,OK
3444,2025-12-02 11:55:56,AA:BB:CC:DD:EE:FF,11:22:33:44:55:66,1388,1746,1360,0,0,OK
3443,2025-12-02 11:55:55,AA:BB:CC:DD:EE:FF,11:22:33:44:55:66,1384,1749,1357,0,0,OK
3442,2025-12-02 11:55:54,AA:BB:CC:DD:EE:FF,11:22:33:44:55:66,1387,1751,1357,0,0,OK
3441,2025-12-02 11:55:53,AA:BB:CC:DD:EE:FF,11:22:33:44:55:66,1388,1753,1360,0,0,OK
3440,2025-12-02 11:55:52,AA:BB:CC:DD:EE:FF,11:22:33:44:55:66,1392,1755,1363,0,0,OK
3439,2025-12-02 11:55:51,AA:BB:CC:DD:EE:FF,11:22:33:44:55:66,1386,1753,1358,0,0,OK
3438,2025-12-02 11:55:50,AA:BB:CC:DD:EE:FF,11:22:33:44:55:66,1385,1764,1364,0,0,OK
3437,2025-12-02 11:55:49,AA:BB:CC:DD:EE:FF,11:22:33:44:55:66,1391,1750,1358,0,0,OK
3436,2025-12-02 11:55:48,AA:BB:CC:DD:EE:FF,11:22:33:44:55:66,1385,1746,1355,0,0,OK
3435,2025-12-02 11:55:47,AA:BB:CC:DD:EE:FF,11:22:33:44:55:66,1382,1750,1357,0,0,OK
3434,2025-12-02 11:55:46,AA:BB:CC:DD:EE:FF,11:22:33:44:55:66,1386,1749,1359,0,0,OK
3433,2025-12-02 11:55:45,AA:BB:CC:DD:EE:FF,11:22:33:44:55:66,1388,1749,1359,0,0,OK
3432,2025-12-02 11:55:44,AA:BB:CC:DD:EE:FF,11:22:33:44:55:66,1380,1750,1360,0,0,OK
3431,2025-12-02 11:55:43,AA:BB:CC:DD:EE:FF,11:22:33:44:55:66,1384,1751,1356,0,0,OK
3430,2025-12-02 11:55:42,AA:BB:CC:DD:EE:FF,11:22:33:44:55:66,1388,1753,1360,0,0,OK
3429,2025-12-02 11:55:41,AA:BB:CC:DD:EE:FF,11:22:33:44:55:66,1392,1749,1360,0,0,OK
3428,2025-12-02 11:55:40,AA:BB:CC:DD:EE:FF,11:22:33:44:55:66,1392,1749,1360,0,0,OK
3427,2025-12-02 11:55:39,AA:BB:CC:DD:EE:FF,11:22:33:44:55:66,1388,1750,1362,0,0,OK
3426,2025-12-02 11:55:38,AA:BB:CC:DD:EE:FF,11:22:33:44:55:66,1385,1752,1364,0,0,OK
3425,2025-12-02 11:55:37,AA:BB:CC:DD:EE:FF,11:22:33:44:55:66,1384,1756,1362,0,0,OK
3424,2025-12-02 11:55:36,AA:BB:CC:DD:EE:FF,11:22:33:44:55:66,1387,1746,1362,0,0,OK
3423,2025-12-02 11:55:35,AA:BB:CC:DD:EE:FF,11:22:33:44:55:66,1386,1746,1362,0,0,OK
3422,2025-12-02 11:55:34,AA:BB:CC:DD:EE:FF,11:22:33:44:55:66,1388,1746,1363,0,0,OK
3421,2025-12-02 11:55:33,AA:BB:CC:DD:EE:FF,11:22:33:44:55:66,1387,1755,1357,0,0,OK
3420,2025-12-02 11:55:32,AA:BB:CC:DD:EE:FF,11:22:33:44:55:66,1383,1757,1361,0,0,OK
3419,2025-12-02 11:55:31,AA:BB:CC:DD:EE:FF,11:22:33:44:55:66,1386,1745,1360,0,0,OK
3418,2025-12-02 11:55:30,AA:BB:CC:DD:EE:FF,11:22:33:44:55:66,1383,1746,1363,0,0,OK
3417,2025-12-02 11:55:29,AA:BB:CC:DD:EE:FF,11:22:33:44:55:66,1386,1747,1356,0,0,OK
3416,2025-12-02 11:55:28,AA:BB:CC:DD:EE:FF,11:22:33:44:55:66,1384,1750,1360,0,0,OK
3415,2025-12-02 11:55:27,AA:BB:CC:DD:EE:FF,11:22:33:44:55:66,1390,1746,1361,0,0,OK
3414,2025-12-02 11:55:26,AA:BB:CC:DD:EE:FF,11:22:33:44:55:66,1390,1749,1359,0,0,OK
3413,2025-12-02 11:55:25,AA:BB:CC:DD:EE:FF,11:22:33:44:55:66,1380,1749,1359,0,0,OK
3412,2025-12-02 11:55:24,AA:BB:CC:DD:EE:FF,11:22:33:44:55:66,1386,1750,1359,0,0,OK
3411,2025-12-02 11:55:23,AA:BB:CC:DD:EE:FF,11:22:33:44:55:66,1391,1751,1359,0,0,OK
3410,2025-12-02 11:55:22,AA:BB:CC:DD:EE:FF,11:22:33:44:55:66,1387,1751,1362,0,0,OK
3409,2025-12-02 11:55:21,AA:BB:CC:DD:EE:FF,11:22:33:44:55:66,1389,1756,1360,0,0,OK
3408,2025-12-02 11:55:20,AA:BB:CC:DD:EE:FF,11:22:33:44:55:66,1392,1749,1355,0,0,OK
3407,2025-12-02 11:55:19,AA:BB:CC:DD:EE:FF,11:22:33:44:55:66,1390,1751,1364,0,0,OK
3406,2025-12-02 11:55:18,AA:BB:CC:DD:EE:FF,11:22:33:44:55:66,1388,1750,1360,0,0,OK
3405,2025-12-02 11:55:17,AA:BB:CC:DD:EE:FF,11:22:33:44:55:66,1384,1750,1358,0,0,OK
3404,2025-12-02 11:55:16,AA:BB:CC:DD:EE:FF,11:22:33:44:55:66,1388,1752,1356,0,0,OK
3403,2025-12-02 11:55:15,AA:BB:CC:DD:EE:FF,11:22:33:44:55:66,1387,1757,1364,0,0,OK
3402,2025-12-02 11:55:14,AA:BB:CC:DD:EE:FF,11:22:33:44:55:66,1382,1746,1359,0,0,OK
3401,2025-12-02 11:55:13,AA:BB:CC:DD:EE:FF,11:22:33:44:55:66,1392,1756,1358,0,0,OK
3400,2025-12-02 11:55:12,AA:BB:CC:DD:EE:FF,11:22:33:44:55:66,1386,1753,1356,0,0,OK
3399,2025-12-02 11:55:11,AA:BB:CC:DD:EE:FF,11:22:33:44:55:66,1392,1749,1361,0,0,OK
3398,2025-12-02 11:55:10,AA:BB:CC:DD:EE:FF,11:22:33:44:55:66,1390,1756,1357,0,0,OK
3397,2025-12-02 11:55:09,AA:BB:CC:DD:EE:FF,11:22:33:44:55:66,1384,1749,1362,0,0,OK
3396,2025-12-02 11:55:08,AA:BB:CC:DD:EE:FF,11:22:33:44:55:66,1392,1752,1358,0,0,OK
3395,2025-12-02 11:55:07,AA:BB:CC:DD:EE:FF,11:22:33:44:55:66,1392,1753,1362,0,0,OK
3394,2025-12-02 11:55:06,AA:BB:CC:DD:EE:FF,11:22:33:44:55:66,1391,1750,1356,0,0,OK
3393,2025-12-02 11:55:05,AA:BB:CC:DD:EE:FF,11:22:33:44:55:66,1389,1754,1357,0,0,OK
3392,2025-12-02 11:55:04,AA:BB:CC:DD:EE:FF,11:22:33:44:55:66,1393,1751,1364,0,0,OK
3391,2025-12-02 11:55:03,AA:BB:CC:DD:EE:FF,11:22:33:44:55:66,1395,1754,1362,0,0,OK
3390,2025-12-02 11:55:02,AA:BB:CC:DD:EE:FF,11:22:33:44:55:66,1395,1761,1363,0,0,OK
3389,2025-12-02 11:55:01,AA:BB:CC:DD:EE:FF,11:22:33:44:55:66,1389,1755,1355,0,0,OK
3388,2025-12-02 11:55:00,AA:BB:CC:DD:EE:FF,11:22:33:44:55:66,1393,1751,1357,0,0,OK
3387,2025-12-02 11:54:59,AA:BB:CC:DD:EE:FF,11:22:33:44:55:66,1394,1752,1360,0,0,OK
3386,2025-12-02 11:54:58,AA:BB:CC:DD:EE:FF,11:22:33:44:55:66,1390,1749,1355,0,0,OK
3385,2025-12-02 11:54:57,AA:BB:CC:DD:EE:FF,11:22:33:44:55:66,1389,1752,1351,0,0,OK
3384,2025-12-02 11:54:56,AA:BB:CC:DD:EE:FF,11:22:33:44:55:66,1392,1756,1354,0,0,OK
3383,2025-12-02 11:54:55,AA:BB:CC:DD:EE:FF,11:22:33:44:55:66,1391,1749,1360,0,0,OK
3382,2025-12-02 11:54:54,AA:BB:CC:DD:EE:FF,11:22:33:44:55:66,1393,1751,1362,0,0,OK
3381,2025-12-02 11:54:53,AA:BB:CC:DD:EE:FF,11:22:33:44:55:66,1391,1751,1360,0,0,OK
3380,2025-12-02 11:54:53,AA:BB:CC:DD:EE:FF,11:22:33:44:55:66,1392,1754,1361,0,0,OK
3379,2025-12-02 11:54:53,AA:BB:CC:DD:EE:FF,11:22:33:44:55:66,1390,1753,1360,0,0,OK
3378,2025-12-02 11:54:53,AA:BB:CC:DD:EE:FF,11:22:33:44:55:66,1395,1753,1360,0,0,OK
3377,2025-12-02 11:54:52,AA:BB:CC:DD:EE:FF,11:22:33:44:55:66,1394,1757,1358,0,0,OK
3376,2025-12-02 11:54:47,AA:BB:CC:DD:EE:FF,11:22:33:44:55:66,1395,1755,1360,0,0,OK
3375,2025-12-02 11:54:46,AA:BB:CC:DD:EE:FF,11:22:33:44:55:66,1394,1756,1359,0,0,OK
3374,2025-12-02 11:54:45,AA:BB:CC:DD:EE:FF,11:22:33:44:55:66,1387,1760,1362,0,0,OK
3373,2025-12-02 11:54:44,AA:BB:CC:DD:EE:FF,11:22:33:44:55:66,1399,1753,1364,0,0,OK
3372,2025-12-02 11:54:43,AA:BB:CC:DD:EE:FF,11:22:33:44:55:66,1399,1755,1360,0,0,OK
3371,2025-12-02 11:54:42,AA:BB:CC:DD:EE:FF,11:22:33:44:55:66,1397,1755,1357,0,0,OK
3370,2025-12-02 11:54:41,AA:BB:CC:DD:EE:FF,11:22:33:44:55:66,1396,1751,1357,0,0,OK
3369,2025-12-02 11:54:40,AA:BB:CC:DD:EE:FF,11:22:33:44:55:66,1401,1755,1363,0,0,OK
3368,2025-12-02 11:54:39,AA:BB:CC:DD:EE:FF,11:22:33:44:55:66,1407,1758,1361,0,0,OK
3367,2025-12-02 11:54:38,AA:BB:CC:DD:EE:FF,11:22:33:44:55:66,1400,1760,1360,0,0,OK
3366,2025-12-02 11:54:37,AA:BB:CC:DD:EE:FF,11:22:33:44:55:66,1406,1760,1355,0,0,OK
3365,2025-12-02 11:54:36,AA:BB:CC:DD:EE:FF,11:22:33:44:55:66,1409,1763,1356,0,0,OK
3364,2025-12-02 11:54:35,AA:BB:CC:DD:EE:FF,11:22:33:44:55:66,1415,1764,1351,0,0,OK
3363,2025-12-02 11:54:34,AA:BB:CC:DD:EE:FF,11:22:33:44:55:66,1422,1760,1352,0,0,OK
3362,2025-12-02 11:54:33,AA:BB:CC:DD:EE:FF,11:22:33:44:55:66,1535,1669,1373,0,0,OK
3361,2025-12-02 11:54:32,AA:BB:CC:DD:EE:FF,11:22:33:44:55:66,1779,1631,1493,0,0,OK
3360,2025-12-02 11:54:31,AA:BB:CC:DD:EE:FF,11:22:33:44:55:66,1777,1585,1507,0,0,OK
3359,2025-12-02 11:54:30,AA:BB:CC:DD:EE:FF,11:22:33:44:55:66,1740,1668,1496,0,0,OK
3358,2025-12-02 11:54:29,AA:BB:CC:DD:EE:FF,11:22:33:44:55:66,1735,1695,1529,0,0,OK
3357,2025-12-02 11:54:28,AA:BB:CC:DD:EE:FF,11:22:33:44:55:66,1770,1584,1581,0,0,OK
3356,2025-12-02 11:54:27,AA:BB:CC:DD:EE:FF,11:22:33:44:55:66,1771,1618,1601,0,0,OK
3355,2025-12-02 11:54:26,AA:BB:CC:DD:EE:FF,11:22:33:44:55:66,1714,1567,1609,0,0,OK
3354,2025-12-02 11:54:25,AA:BB:CC:DD:EE:FF,11:22:33:44:55:66,1759,1587,1562,0,0,OK
3353,2025-12-02 11:54:24,AA:BB:CC:DD:EE:FF,11:22:33:44:55:66,1778,1580,1554,0,0,OK
3352,2025-12-02 11:54:23,AA:BB:CC:DD:EE:FF,11:22:33:44:55:66,1696,1545,1707,0,0,OK
3351,2025-12-02 11:54:22,AA:BB:CC:DD:EE:FF,11:22:33:44:55:66,1342,1647,1713,0,0,OK
3350,2025-12-02 11:54:21,AA:BB:CC:DD:EE:FF,11:22:33:44:55:66,1204,1582,2412,0,0,OK
3349,2025-12-02 11:54:20,AA:BB:CC:DD:EE:FF,11:22:33:44:55:66,1185,1536,1515,0,0,OK
3348,2025-12-02 11:54:19,AA:BB:CC:DD:EE:FF,11:22:33:44:55:66,1207,1581,1526,0,0,OK
3347,2025-12-02 11:54:18,AA:BB:CC:DD:EE:FF,11:22:33:44:55:66,2836,2714,2712,0,0,OK
3346,2025-12-02 11:54:17,AA:BB:CC:DD:EE:FF,11:22:33:44:55:66,1769,1652,1635,0,0,OK
3345,2025-12-02 11:54:16,AA:BB:CC:DD:EE:FF,11:22:33:44:55:66,1765,1630,1594,0,0,OK
3344,2025-12-02 11:54:15,AA:BB:CC:DD:EE:FF,11:22:33:44:55:66,1740,1579,1697,0,0,OK
3343,2025-12-02 11:54:14,AA:BB:CC:DD:EE:FF,11:22:33:44:55:66,1209,1437,1539,0,0,OK
3342,2025-12-02 11:54:13,AA:BB:CC:DD:EE:FF,11:22:33:44:55:66,1233,1422,1644,0,0,OK
3341,2025-12-02 11:54:12,AA:BB:CC:DD:EE:FF,11:22:33:44:55:66,1297,1435,1728,0,0,OK
3340,2025-12-02 11:54:11,AA:BB:CC:DD:EE:FF,11:22:33:44:55:66,1429,1454,1806,0,0,OK
3339,2025-12-02 11:54:10,AA:BB:CC:DD:EE:FF,11:22:33:44:55:66,1700,1568,1669,0,0,OK
3338,2025-12-02 11:54:09,AA:BB:CC:DD:EE:FF,11:22:33:44:55:66,1797,1501,1544,0,0,OK
3337,2025-12-02 11:54:08,AA:BB:CC:DD:EE:FF,11:22:33:44:55:66,1790,1531,1505,0,0,OK
3336,2025-12-02 11:54:07,AA:BB:CC:DD:EE:FF,11:22:33:44:55:66,1789,1536,1482,0,0,OK
3335,2025-12-02 11:54:06,AA:BB:CC:DD:EE:FF,11:22:33:44:55:66,1800,1550,1605,0,0,OK
3334,2025-12-02 11:54:05,AA:BB:CC:DD:EE:FF,11:22:33:44:55:66,1510,1426,1778,0,0,OK
3333,2025-12-02 11:54:04,AA:BB:CC:DD:EE:FF,11:22:33:44:55:66,1522,1437,1758,0,0,OK
3332,2025-12-02 11:54:03,AA:BB:CC:DD:EE:FF,11:22:33:44:55:66,1531,1526,1811,0,0,OK
3331,2025-12-02 11:54:02,AA:BB:CC:DD:EE:FF,11:22:33:44:55:66,1595,1669,1757,0,0,OK
3330,2025-12-02 11:54:01,AA:BB:CC:DD:EE:FF,11:22:33:44:55:66,1342,1560,1553,0,0,OK
3329,2025-12-02 11:54:00,AA:BB:CC:DD:EE:FF,11:22:33:44:55:66,1472,1702,1271,0,0,OK
3328,2025-12-02 11:53:59,AA:BB:CC:DD:EE:FF,11:22:33:44:55:66,1473,1703,1273,0,0,OK
3327,2025-12-02 11:53:58,AA:BB:CC:DD:EE:FF,11:22:33:44:55:66,1470,1701,1271,0,0,OK
3326,2025-12-02 11:53:58,AA:BB:CC:DD:EE:FF,11:22:33:44:55:66,1473,1705,1272,0,0,OK
3325,2025-12-02 11:53:58,AA:BB:CC:DD:EE:FF,11:22:33:44:55:66,1470,1704,1270,0,0,OK
3324,2025-12-02 11:53:57,AA:BB:CC:DD:EE:FF,11:22:33:44:55:66,1467,1701,1271,0,0,OK
3323,2025-12-02 11:53:57,AA:BB:CC:DD:EE:FF,11:22:33:44:55:66,1472,1708,1271,0,0,OK
3322,2025-12-02 11:53:57,AA:BB:CC:DD:EE:FF,11:22:33:44:55:66,1468,1708,1268,0,0,OK
